customer_id,customer_name,customer_segment,city,country,industry
c519bf2f-11e3-40c0-a21d-0534f54a833d,Riya Industries 166,SMB,Indore,India,Industrial
60d99ce3-05a2-457c-8361-d4e2de82d0b3,Aarav Enterprises 140,SMB,Hyderabad,India,Industrial
e2818bcc-b93a-4033-8722-6e70a033afb9,Anaya Enterprises 122,Enterprise,Mumbai,India,Industrial
e038af0e-3ca7-4af7-80fb-1e4a8460ebff,Aditya Systems 121,SMB,Hyderabad,India,Safety
7a7c321e-ea73-4a3b-b92d-0b0b95b4a130,Aditya Enterprises 091,Enterprise,Bengaluru,India,Safety
499047f7-dd3a-46b9-bf00-94d95d8facf7,Vivaan Enterprises 153,SMB,Indore,India,Industrial
5e40b23c-79ba-4430-8424-1f55f78ddcfc,Aditya Industries 077,Enterprise,Mumbai,India,Automotive
ad4e6bc5-d960-488e-b982-9cd55a68f33b,Vivaan Systems 131,Enterprise,Bengaluru,India,Industrial
fc4edc66-e9fa-4e69-9544-360e152d32bc,Aditya Industries 133,SMB,Bengaluru,India,Industrial
14e105c4-e6f6-45fd-aa26-e47c5942b75c,Kabir Trading 109,Enterprise,Bengaluru,India,Safety
88fa74dc-84d5-489c-996b-f63ebc62dea9,Ishaan Retail 100,SMB,Hyderabad,India,Safety
d7db8090-2c5f-4601-ad3e-565565965cb6,Anaya Trading 105,SMB,Hyderabad,India,Safety
d57d5c8d-90e1-470e-b87a-ba51f694844d,Aditya Systems 108,SMB,Mumbai,India,Safety
d8160c15-a1f1-4dc6-aa5b-658eb9f4f689,Anaya Solutions 134,SMB,Bengaluru,India,Safety
67c93326-6438-4eda-a8ae-e218f2cb0214,Kabir Retail 172,SMB,Indore,India,Industrial
a0f61ee6-d0dd-4e48-908e-a65ad981621b,Vivaan Enterprises 196,SMB,Hyderabad,India,Industrial
c665f39b-f5b5-4cb0-aa32-b7790851cb69,Kabir Retail 117,Enterprise,Bengaluru,India,Industrial
c7775d48-fa90-4dc6-9969-fff5acca7f64,Aarav Enterprises 116,SMB,Mumbai,India,Safety
73e53559-50c5-412c-912b-1bc62eef67d1,Aditya Industries 133,SMB,Hyderabad,India,Industrial
95fd9b59-c22e-4747-96cb-1147a44b0d1d,Meera Solutions 151,SMB,Bengaluru,India,Industrial
a1c66652-5ca0-4fd8-8219-327f765bbc9e,Aditya Trading 150,SMB,Hyderabad,India,Safety
3df5ca29-64bb-42d5-9271-8941d2b225ff,Aarav Enterprises 116,SMB,Bengaluru,India,Safety
51c27802-cd58-4661-aa96-b8a8b1b71062,Vivaan Industries 137,SMB,Bengaluru,India,Industrial
5a70852d-ad60-47ce-a70c-db3a513cb810,Aditya Retail 120,SMB,Bengaluru,India,Safety
f9755d4b-119a-42dc-8229-acf72a8cf22a,Aarav Enterprises 140,SMB,Hyderabad,India,Safety
7dab5397-3a40-482d-b813-23ff0933209f,Aditya Solutions 167,SMB,Bengaluru,India,Industrial
aec34982-0514-4cdb-a883-4d029a790b0a,Riya Enterprises 143,SMB,Hyderabad,India,Safety
786b1fc4-9230-4a29-97c4-ff6de2c382b3,Anaya Trading 113,SMB,Hyderabad,India,Safety
aa7710d5-fbe2-46c6-a94f-97fee2cb5cfa,Vivaan Systems 131,SMB,Hyderabad,India,Industrial
c6bf6e18-85db-4eb2-a7e3-e9f30698534a,Anaya Systems 086,Enterprise,Mumbai,India,Safety
0e1ae603-c815-4148-b20e-0e7aa876769b,Vivaan Trading 138,SMB,Hyderabad,India,Industrial
702b7996-8bfc-4786-bd83-0abe74ba5cee,Vivaan Systems 131,SMB,Hyderabad,India,Safety
db507874-eb10-4e9d-9035-348e90b7d4a2,Anaya Solutions 127,Enterprise,Hyderabad,India,Safety
576b8139-f63f-4536-84ca-9bf698452d7a,Anaya Industries 149,SMB,Hyderabad,India,Safety
d52bc658-54c0-42b8-88a5-7d4267400bf3,Aditya Systems 108,SMB,Hyderabad,India,Safety
b671a036-ed42-4aac-a126-8d9943dd44be,Anaya Industries 188,SMB,Hyderabad,India,Industrial
e87901f1-57e1-403f-942e-15bff87049f5,Kabir Retail 117,SMB,Bengaluru,India,Safety
e5beeb00-8a63-45c8-af3e-5795fafdcec5,Riya Retail 135,SMB,Indore,India,Safety
400b3f98-1528-40b6-b585-c24686eb7d57,Meera Trading 092,Enterprise,Mumbai,India,Safety
7a383807-1626-4993-979e-2f296e77a640,Aditya Systems 130,SMB,Bengaluru,India,Safety
47e98801-8b78-426e-8342-7f3710b7fb7a,Anaya Trading 113,SMB,Mumbai,India,Safety
86c72409-a461-415e-b034-8f5783931c38,Aditya Systems 121,SMB,Indore,India,Safety
4deee3e9-bfe4-4148-a995-481126ad14cb,Meera Industries 183,SMB,Hyderabad,India,IT
ee9bf2c9-840d-4c47-92ec-2b539652cc55,Kabir Trading 115,Enterprise,Bengaluru,India,Safety
f4727b2d-05ed-4c7f-933c-63efee003d5d,Aditya Trading 150,SMB,Indore,India,Industrial
fa6a7db0-e1ec-424c-a454-7c81bafffa04,Kabir Solutions 111,SMB,Bengaluru,India,Safety
c1a840c2-bec8-4c0e-81f7-373ebaf553ea,Anaya Retail 180,SMB,Indore,India,Industrial
8fd5133b-7ec1-496b-a1eb-c73011810486,Kabir Trading 094,SMB,Bengaluru,India,Safety
d2a8113d-5bbb-4a1b-94af-00e995bac962,Meera Solutions 106,SMB,Bengaluru,India,Safety
8f18b53c-16f5-4988-a72d-10e346258581,Anaya Enterprises 122,SMB,Indore,India,Safety
cf17dba5-8d73-4f50-be68-06c40444b8be,Vivaan Industries 137,SMB,Hyderabad,India,Safety
01c9946d-e292-47e4-bc26-6a9af57215e5,Meera Trading 142,SMB,Indore,India,Safety
ad439e24-c6ba-4c45-b4b6-06696632c7ef,Anaya Trading 165,SMB,Indore,India,Industrial
68072dad-c97f-4f99-a71c-e13c4e8c5b86,Aarav Retail 114,Enterprise,Bengaluru,India,Safety
3237a033-6d5a-4814-93e0-e0949da04986,Vivaan Trading 138,SMB,Hyderabad,India,Industrial
07d4b3a3-59f1-4b67-964e-a3d32d569c43,Aarav Enterprises 140,SMB,Hyderabad,India,Safety
62c6a6a9-4a3d-49e0-a859-9e8fb1df8d85,Vivaan Retail 099,Enterprise,Bengaluru,India,Safety
3da6cc69-b053-47ff-ba0f-f6f0acd14557,Vivaan Solutions 159,SMB,Indore,India,Industrial
7aefe5fe-97ef-40c9-9600-d5fe16352c9f,Aditya Retail 120,SMB,Hyderabad,India,Safety
852053ab-75a6-461e-80a6-a75df9748eb9,Anaya Systems 096,SMB,Bengaluru,India,Safety
18f265bf-af5e-4bf3-86ae-2a3915ad70c3,Meera Solutions 147,SMB,Hyderabad,India,Industrial
b4fa6491-e487-41c4-bcd6-ca09718a68b4,Meera Solutions 106,SMB,Mumbai,India,Safety
74cfea1d-4ffe-408b-ae9c-994ea991cad2,Ishaan Solutions 164,SMB,Bengaluru,India,Industrial
94b26c3a-555b-4cfc-894e-941693df0f1a,Anaya Industries 141,SMB,Hyderabad,India,Industrial
ab37ebc2-b640-47d0-b0e3-32ed12f11b34,Riya Enterprises 158,SMB,Hyderabad,India,IT
23e1f555-eeb2-454f-9b9b-a27f59da8503,Vivaan Systems 131,SMB,Pune,India,Industrial
72c3b93c-e6d3-426c-a814-b0a8a63441f8,Aditya Retail 120,Enterprise,Bengaluru,India,Safety
b7f55bb6-d597-4d51-a81a-30ab0810fd49,Kabir Retail 174,SMB,Hyderabad,India,Industrial
48a65efa-157e-425d-a3cc-c9f55f5595ec,Anaya Solutions 134,SMB,Bengaluru,India,Industrial
8cb719f3-7872-4fea-bdf0-a07065cca0d8,Aarav Retail 080,Enterprise,Mumbai,India,Safety
4589bc73-2608-4aea-9a22-5b75278f57e5,Vivaan Enterprises 144,SMB,Hyderabad,India,Industrial
dad12c70-5274-4b5d-845f-d3b9d59f93ad,Riya Industries 166,SMB,Hyderabad,India,Industrial
6ce7dc88-59e3-4ecf-85ca-d0222320b236,Aditya Systems 097,SMB,Mumbai,India,Safety
b271e190-a9ee-4ef2-9acb-91617bd32171,Aditya Retail 090,Enterprise,Mumbai,India,Safety
2d10c761-ad76-409a-b2fd-2be5d1175a5d,Ishaan Retail 100,SMB,Bengaluru,India,Safety
266add54-ece1-49f3-88b1-3be0b5d04f5f,Riya Solutions 095,Enterprise,Bengaluru,India,Safety
d6ee8582-6b03-417e-926e-45f3106d790d,Anaya Solutions 134,SMB,Hyderabad,India,Industrial
f795aeda-d22e-43c1-a262-1790da55643b,Riya Systems 156,SMB,Hyderabad,India,Industrial
8cbe383c-fc02-4c18-9762-a5305e623246,Kabir Trading 094,SMB,Bengaluru,India,Automotive
115f8b45-3bf0-4f46-826b-e93b0da86cf0,Meera Systems 190,SMB,Hyderabad,India,Industrial
8a6afbe2-febf-4b39-846d-75ede4ae7d3a,Kabir Solutions 111,SMB,Mumbai,India,Safety
774ed200-7aaa-4857-95c5-0b11042e41fc,Aditya Systems 108,Enterprise,Bengaluru,India,Safety
1d6e306d-401d-4c2c-b9d9-95b8dfec5a46,Meera Trading 098,SMB,Hyderabad,India,Safety
c6c18491-279a-4da5-8f1e-341bac6e9f76,Riya Solutions 095,Enterprise,Mumbai,India,Safety
056d02de-cc39-49d7-9b51-eafaa2d3fc44,Riya Trading 089,Enterprise,Bengaluru,India,Safety
d345747d-87b5-4edf-8759-fb59baf86c52,Aarav Enterprises 140,SMB,Hyderabad,India,Industrial
3744a0a7-8c1e-4c31-b657-6e9784c2e6bb,Aditya Systems 130,SMB,Hyderabad,India,Industrial
ba160d21-5495-4e16-b724-2f82ff47065e,Anaya Trading 105,Enterprise,Mumbai,India,Safety
405461a1-e0c2-4b72-b758-6cf404509c74,Aarav Trading 118,SMB,Hyderabad,India,Industrial
b8100fa3-59c3-47f3-83aa-564524c51085,Aditya Retail 245,SMB,Pune,India,IT
e94b622d-4726-4002-a3d6-72ce2d35fcc1,Anaya Solutions 127,SMB,Hyderabad,India,Safety
2d2d4d91-76dc-4909-9aa6-be70563848b0,Anaya Industries 149,SMB,Hyderabad,India,Industrial
04cc781f-cd8a-443c-af1e-62cf46a013ed,Anaya Trading 171,SMB,Indore,India,Industrial
0762189d-af33-4b71-9af7-d781d08c1fa9,Kabir Industries 157,SMB,Bengaluru,India,Industrial
295000bf-f110-485d-ad76-a5eaea28c669,Aditya Industries 126,SMB,Indore,India,Industrial
7a06564a-d100-4c7a-a2e3-40ded9bdf327,Aditya Systems 108,Enterprise,Mumbai,India,Safety
dbe1952e-842c-419a-9c11-0ec71227b995,Meera Industries 154,SMB,Indore,India,Industrial
47628c39-21f8-4d38-a660-f93167d66812,Meera Solutions 187,SMB,Indore,India,Industrial
0454e82b-9f06-44cb-b206-60cd45cc757e,Aditya Solutions 160,SMB,Hyderabad,India,Industrial
7a656cbd-627b-4943-a381-ea0466e0e328,Kabir Systems 129,SMB,Indore,India,Safety
d8617bc7-1242-4a92-a7a5-d074cdf4acae,Anaya Systems 086,Enterprise,Mumbai,India,Safety
b10a4443-fddd-4b3f-8a67-e0e63a6a9790,Kabir Industries 082,Enterprise,Mumbai,India,Safety
b165226d-03ab-40c9-bf32-9b0e62670306,Meera Solutions 106,SMB,Mumbai,India,Safety
6bd89587-59da-4302-a8de-6a2af3c00ba1,Aditya Industries 126,SMB,Indore,India,Safety
4a051b4a-2239-48a4-a607-ada4bc90f02c,Aditya Trading 244,SMB,Pune,India,Industrial
ddeb93c8-77f4-4922-bebd-dfb275124ffc,Vivaan Solutions 159,SMB,Hyderabad,India,Industrial
bb727249-8fd5-42de-9370-06a5f57ca62a,Kabir Trading 094,SMB,Bengaluru,India,Safety
db274658-fed1-4461-b584-8b440e1dd17d,Aditya Retail 120,SMB,Bengaluru,India,Industrial
418faef2-e9ff-456c-a0e7-51d879a932f2,Anaya Systems 096,Enterprise,Bengaluru,India,Safety
073e2cfc-2784-4435-9f03-656d05646366,Riya Trading 152,SMB,Hyderabad,India,Industrial
abc0f6b9-a027-4e7e-96d8-4adeaf77f7f2,Aarav Enterprises 116,SMB,Mumbai,India,Safety
7e74bf47-80a0-4af6-8ed2-cde84bf2bde0,Anaya Solutions 128,SMB,Bengaluru,India,Safety
64db367b-1a55-4c73-b5a1-2e267527449a,Anaya Solutions 127,SMB,Bengaluru,India,Industrial
b2f17193-eebc-49d3-95cb-3a657d754249,Kabir Retail 117,Enterprise,Bengaluru,India,Industrial
e9b89e52-4ffe-4de8-9fe0-8bd39eaca4a7,Kabir Trading 115,SMB,Bengaluru,India,Safety
d2783349-1454-4483-b39c-29f485371015,Riya Solutions 095,SMB,Mumbai,India,Safety
15748f1e-f7ad-4b7d-b5a5-9349ff586b38,Anaya Industries 093,Enterprise,Mumbai,India,Safety
b045aac8-b4f2-4e45-a990-ccc4d61da8b0,Anaya Retail 162,SMB,Hyderabad,India,Industrial
a9b473da-e61a-4dd6-bb89-4f95cb7b088e,Meera Solutions 147,SMB,Bengaluru,India,Industrial
c77b5373-c903-477a-8f8a-716101562a81,Riya Solutions 095,Enterprise,Bengaluru,India,Safety
a70f0c00-700e-4629-a80b-f9ddf72f40e9,Vivaan Retail 099,SMB,Bengaluru,India,Safety
5a627cfa-ce45-4274-9660-e3242df78468,Aditya Retail 120,SMB,Bengaluru,India,Industrial
411cc0bf-5df6-402b-bee8-b1ffd3e60d18,Anaya Systems 096,Enterprise,Bengaluru,India,Safety
8fbb51b1-de89-4d69-bee6-09a92c47427b,Meera Solutions 151,SMB,Bengaluru,India,Safety
a9a5d01e-297c-4df6-94c4-8c407835d725,Meera Solutions 106,Enterprise,Mumbai,India,Safety
d78dfc33-5ec7-4da0-93af-8763900b97b7,Anaya Solutions 103,Enterprise,Mumbai,India,Safety
a5217dbe-fd8d-4425-a258-efcb17ba242d,Riya Systems 110,SMB,Hyderabad,India,Safety
719d4ba3-7fc1-40eb-b74a-b74517d1355c,Aarav Solutions 220,SMB,Pune,India,Industrial
4b25804c-c4ff-440d-a0e8-7ae1adb87158,Meera Solutions 151,SMB,Hyderabad,India,Industrial
0b88b319-4f3a-4b5a-b951-21a0a9a5bca6,Anaya Trading 145,SMB,Indore,India,Industrial
59a6b0b2-0738-4bf4-be53-1bb0ff5a29e2,Kabir Industries 087,Enterprise,Mumbai,India,Safety
0228043d-99b8-4f51-8b5a-3b7b3e38774b,Vivaan Enterprises 144,SMB,Hyderabad,India,Safety
fc1bf664-efdc-4433-9c2a-82536c36fe42,Anaya Trading 165,SMB,Pune,India,Safety
6967a280-031b-41f7-9363-72871e1f5beb,Kabir Industries 087,Enterprise,Bengaluru,India,Safety
96dea1f1-1ab2-4d27-8ba8-a53d045b5be1,Kabir Solutions 111,SMB,Bengaluru,India,Safety
8aba05e8-d53b-4365-989a-b0053437fc3a,Anaya Systems 096,SMB,Bengaluru,India,Safety
0d5f9e04-752f-44c0-b133-0a27ed92726f,Ishaan Trading 107,SMB,Bengaluru,India,Safety
b6be9418-e72e-43b9-a3f1-413b1629053a,Riya Solutions 161,SMB,Indore,India,Industrial
cdf108e7-e005-4dca-972f-b1acae14e8bc,Meera Trading 098,Enterprise,Bengaluru,India,Safety
1e0b578d-cbb8-472c-940c-56cffaa0ba7a,Kabir Trading 109,Enterprise,Bengaluru,India,Safety
c20d767d-07f8-411c-bac6-eade85609b39,Anaya Retail 162,SMB,Hyderabad,India,Industrial
03e1ffe6-a70f-4b22-8d07-12b23522a16d,Kabir Trading 109,SMB,Bengaluru,India,Safety
8d31f8a0-d7b5-45f8-a346-82087af7fb97,Aarav Enterprises 140,SMB,Bengaluru,India,Industrial
f849e122-6f74-4837-a5bf-6e4b35640b57,Meera Systems 123,SMB,Bengaluru,India,Safety
0c228991-8c39-4362-9229-5d5608af6337,Vivaan Industries 074,Enterprise,Mumbai,India,Safety
32dc1c05-bb93-4495-bcf2-7242f76c4c51,Kabir Industries 157,SMB,Indore,India,Industrial
d8684c85-bb28-45d7-bea2-cea67fd505ae,Anaya Trading 113,SMB,Mumbai,India,Safety
541d59ee-5ebc-4364-a9c4-f48f65e93bc2,Meera Systems 123,SMB,Hyderabad,India,Safety
8b024e08-63f1-4f63-9df5-c8943c2ab6b8,Meera Systems 124,SMB,Mumbai,India,Safety
81739901-3019-4ec0-9558-2bc7fc904e29,Kabir Systems 129,SMB,Indore,India,Safety
84284ac2-f0c0-4d8e-b766-457b433d7db7,Kabir Retail 117,SMB,Hyderabad,India,Safety
9b3728cc-936a-439f-b5a4-814182301297,Anaya Solutions 134,SMB,Hyderabad,India,Safety
75812e76-ca92-44bd-a46c-957b3c745cf7,Aarav Retail 114,SMB,Bengaluru,India,Safety
1e99d426-3c56-44df-a767-4d774e82bed4,Aditya Solutions 167,SMB,Hyderabad,India,Industrial
18dba6f5-cecb-4e26-a8f9-e8546993ea7e,Aditya Systems 108,Enterprise,Bengaluru,India,Safety
605109b7-7508-4b4b-bfcd-6e4ff5fa0799,Aarav Retail 114,SMB,Bengaluru,India,Industrial
b77bf4d5-08d8-4082-8d8c-e79967cd8aa9,Vivaan Trading 081,Enterprise,Mumbai,India,Safety
1efafb0b-c7a3-4ce0-95df-035c3c9b8dbe,Aditya Systems 121,Enterprise,Bengaluru,India,Safety
e4063efe-50c5-4b04-8298-6023f1f36ebc,Vivaan Enterprises 153,SMB,Bengaluru,India,Industrial
6a688acc-aa2b-437f-a1d4-07c042a4e52d,Anaya Systems 104,Enterprise,Bengaluru,India,Safety
79d9c245-60f5-4226-b7fa-2dca144511da,Meera Solutions 147,SMB,Indore,India,Industrial
3dd63075-604d-42d1-8691-7242069ea247,Kabir Trading 109,SMB,Mumbai,India,Safety
81d3e810-bd9c-4188-9d96-6f9ceb63148c,Riya Enterprises 136,SMB,Bengaluru,India,Safety
023b5a8e-ce26-45e8-8d45-e91b3913770c,Aditya Industries 126,SMB,Hyderabad,India,Safety
55429f52-d7f3-4af6-9c30-6c8952777b6e,Anaya Retail 162,SMB,Bengaluru,India,Industrial
6ec5282d-49e7-4cd3-9599-c5799a8997cd,Riya Enterprises 143,SMB,Bengaluru,India,Safety
18cfc5ca-fa42-4aa2-98ad-3adf3f571f25,Aarav Solutions 225,SMB,Pune,India,IT
0be9adba-0853-45cf-b143-15bb66d3384e,Kabir Systems 129,SMB,Hyderabad,India,Industrial
f9542d8e-2d7e-41ee-beb2-ff2646de8277,Aditya Industries 133,SMB,Bengaluru,India,Industrial
4d4e4014-e19a-445b-af00-505bf82db845,Aarav Industries 197,SMB,Indore,India,Industrial
949e3929-cb24-4cde-b688-1f38ca19ce25,Kabir Systems 129,SMB,Bengaluru,India,Safety
ac8ff5a4-2a43-4553-822a-7072bee8cbbe,Anaya Industries 067,Enterprise,Mumbai,India,Safety
aa5ed01b-570f-413f-9bc6-968c79ae3ce5,Meera Trading 142,SMB,Indore,India,Safety
46cd4d81-7d9a-4320-9a64-300f5f0b02ef,Riya Industries 146,SMB,Hyderabad,India,Safety
b5f62060-ca5f-45fb-90fa-4d0aac1611af,Meera Retail 125,SMB,Hyderabad,India,Safety
673b6155-64b7-4da0-be2f-720c21c592b5,Meera Solutions 106,SMB,Bengaluru,India,Safety
d7686480-62ef-4799-b9bc-62ff474931f5,Kabir Industries 157,SMB,Pune,India,Safety
198cb4d0-2b88-4446-a1e9-960226296c46,Riya Systems 156,SMB,Bengaluru,India,Safety
7a1d1d8a-afc7-497b-ac5b-58777ecbf399,Anaya Retail 088,SMB,Mumbai,India,Safety
f5ec8067-cd27-4c25-b40d-b4f57c903d0d,Kabir Retail 172,SMB,Bengaluru,India,IT
3e416726-b1d7-4b74-86ee-036ce3b4aa7b,Meera Retail 083,Enterprise,Mumbai,India,Safety
0eaba843-ae28-4d5f-951c-fa49d1913ba2,Kabir Trading 102,Enterprise,Mumbai,India,Safety
eceb7a1c-de37-4d94-a1f2-feeae1252806,Kabir Trading 094,Enterprise,Mumbai,India,Safety
a9122fde-2514-4b9c-af65-f133647e35fd,Anaya Solutions 134,SMB,Hyderabad,India,Industrial
ae91cb50-e82f-46d8-be06-76f75a17d19f,Vivaan Systems 131,SMB,Indore,India,Industrial
ae8f1d80-093d-4a0b-848c-78e7f364fb33,Aditya Systems 097,Enterprise,Bengaluru,India,Safety
5abf4dcd-459c-4dba-8477-ae8c11bc0505,Riya Systems 084,Enterprise,Bengaluru,India,Safety
886c2ce1-81c3-49c2-ac44-a8eb1b554c0f,Kabir Trading 094,Enterprise,Bengaluru,India,Safety
f990bfb7-56aa-42d0-880c-9433b3792014,Anaya Retail 180,SMB,Bengaluru,India,IT
e68517fe-321a-4b03-86f6-bfe25dc9b301,Kabir Retail 117,Enterprise,Bengaluru,India,Industrial
90fab473-b8b2-434e-98fa-b339ff19229c,Anaya Retail 112,Enterprise,Mumbai,India,Safety
b77ac120-82c4-478d-b5a2-4e8edb011ed9,Meera Retail 125,SMB,Bengaluru,India,Industrial
17082f21-ff15-4f7d-ba73-cdf147067968,Kabir Solutions 111,SMB,Mumbai,India,Safety
732ed6f3-18a8-462c-bea9-0d1571c3192d,Riya Retail 069,Enterprise,Mumbai,India,Safety
dd2a2a8b-12ab-4d38-b22a-24ef7e7ec660,Anaya Systems 104,Enterprise,Bengaluru,India,Safety
bfc02af7-34c6-4aa7-9311-29252355d9c4,Aditya Industries 119,SMB,Indore,India,Safety
e11b061b-80b4-46f0-9da9-03d5d8a8ae67,Meera Trading 142,SMB,Indore,India,Industrial
513ec2de-81ef-468a-802f-43df497bbfcc,Anaya Industries 141,SMB,Hyderabad,India,Safety
552c5860-b289-42cc-b466-3134deab9486,Ishaan Systems 101,Enterprise,Bengaluru,India,Industrial
d9aad120-05c3-42ed-9653-ba0f4c2c51cb,Meera Retail 083,Enterprise,Bengaluru,India,Safety
15fe0eb9-1993-4652-b2d0-d2e468e55c11,Aarav Enterprises 116,SMB,Mumbai,India,Safety
341f773a-f1ed-4772-992c-2e4b9e711fbb,Anaya Trading 105,SMB,Bengaluru,India,Industrial
14da5553-f3dd-48f5-b818-3d1e802cbd1d,Anaya Enterprises 122,SMB,Hyderabad,India,Safety
063ff77e-7366-4fee-9266-b3506c7a6025,Aditya Enterprises 091,SMB,Mumbai,India,Safety
998f1d21-ec39-48fe-9135-b0b1c7317e0c,Vivaan Industries 137,SMB,Hyderabad,India,Industrial
f00eef1d-e97f-44dc-8959-4d438073ea31,Aarav Retail 114,SMB,Mumbai,India,Safety
027c2acc-7b39-434d-9003-b12f47323677,Anaya Trading 145,SMB,Bengaluru,India,Industrial
367576e9-64db-453a-a74f-1463dd97217e,Riya Retail 135,SMB,Hyderabad,India,Industrial
c2e0f786-5186-409e-9d4e-51890c7358fd,Meera Trading 142,SMB,Indore,India,Industrial
65b8afa7-61f8-4459-8549-5018dc35b59d,Kabir Trading 115,SMB,Indore,India,Safety
d40c134c-c1f6-40f5-aeda-3325dc8029c4,Anaya Retail 112,SMB,Mumbai,India,Safety
80202e10-83b2-406b-8412-b0768a1c1240,Meera Trading 092,Enterprise,Mumbai,India,Safety
5e8c3a1b-fc57-4e52-9c11-d7107d31933d,Aarav Retail 080,Enterprise,Bengaluru,India,Safety
c46e918f-fbf6-42dc-8d35-7eb956598ad9,Aditya Solutions 167,SMB,Hyderabad,India,Industrial
aa151eff-ce85-49e2-be28-4f6a8318df6c,Anaya Industries 141,SMB,Hyderabad,India,Safety
f0829914-b18e-4cdb-b23c-6a3c2e69a9d9,Kabir Industries 148,SMB,Indore,India,Industrial
3042b9a2-7c7e-4676-8d6d-1b1d5152d610,Aditya Industries 126,SMB,Bengaluru,India,Industrial
c741ff56-e3d1-4df1-8017-67b74dbeddf5,Anaya Industries 141,SMB,Indore,India,Industrial
549f4d8c-580d-4933-b30a-c2ade79b8a33,Meera Systems 123,SMB,Indore,India,Industrial
1ede2a45-8c96-4f54-89f0-ca102223f292,Kabir Industries 148,SMB,Indore,India,Industrial
a140acb0-0c73-4259-b814-b9d47dd2abd0,Meera Solutions 151,SMB,Bengaluru,India,Industrial
9b326976-5c4a-433c-8793-e2cbd815bb68,Aarav Retail 114,SMB,Hyderabad,India,Safety
12afbcc0-a3d6-4311-9750-3e1eb5ff688a,Anaya Solutions 103,Enterprise,Bengaluru,India,Industrial
905b3e6f-2e64-439c-9704-b752ef9d5918,Anaya Solutions 128,SMB,Hyderabad,India,Industrial
3cff11ff-09bb-4cb7-b4d8-e771ff96b05e,Anaya Solutions 132,Enterprise,Hyderabad,India,Safety
7a619fc9-5449-4958-b64b-eef6a22365ac,Aarav Enterprises 116,Enterprise,Bengaluru,India,Safety
890fa2f5-7c79-4cbc-ac5a-5ebc0ab93105,Aarav Industries 197,SMB,Hyderabad,India,IT
2df55922-ff2a-4557-a172-ea68bfa2732d,Kabir Industries 148,SMB,Hyderabad,India,Safety
7f45c864-6510-45b4-ad0a-f953aced3fb1,Vivaan Solutions 176,SMB,Bengaluru,India,IT
1d22d913-8640-4489-a93f-247ef79df8ac,Aditya Systems 130,SMB,Hyderabad,India,Industrial
7979b8d3-80ea-4206-8965-05722d8d97a5,Aditya Industries 126,SMB,Bengaluru,India,Industrial
043aa41a-81ce-4665-b7c5-5e397dcf3c78,Anaya Trading 105,SMB,Mumbai,India,Safety
00d2099a-2116-4b67-8e24-74f423def91b,Anaya Solutions 103,Enterprise,Mumbai,India,Safety
be3b836e-c0e5-4f22-8c29-9d98f540aa2c,Kabir Trading 115,Enterprise,Hyderabad,India,Safety
4671d43f-7d71-45b4-bf4c-60bd14bf111e,Aditya Industries 119,SMB,Hyderabad,India,Safety
d4fbd7bc-975b-4e99-9557-930dd90c7406,Anaya Systems 086,Enterprise,Mumbai,India,Safety
4c67a00e-2d9a-4bd9-87be-1cca72ccf473,Aditya Industries 077,Enterprise,Mumbai,India,Safety
112f7436-4513-4ca5-847f-67b50d0b3251,Aditya Systems 130,SMB,Bengaluru,India,Safety
2f7de61f-3e4a-45ef-b1c3-62925f423c5b,Aditya Systems 108,Enterprise,Mumbai,India,Safety
7bfd9443-e6b2-40ec-817f-402e82b0247b,Aarav Enterprises 116,SMB,Hyderabad,India,Safety
390f728b-2cc8-4c86-bfde-927f00d3c428,Meera Trading 142,SMB,Bengaluru,India,Industrial
ca2010c3-732e-492f-a746-ab653b84c7cc,Anaya Solutions 134,SMB,Hyderabad,India,Industrial
1ab01f73-0772-40c6-b687-add2ef3a66d3,Vivaan Enterprises 144,SMB,Indore,India,Industrial
e01746f6-bede-4d6b-ad7d-7d050c183db4,Kabir Solutions 111,SMB,Bengaluru,India,Safety
41529295-e501-4ed8-b6f5-64f9784da2fd,Kabir Solutions 111,SMB,Mumbai,India,Safety
c9fbe7c1-d2fd-436e-bfd7-ed0b71b03186,Aditya Systems 097,SMB,Bengaluru,India,Safety
2311d96f-1d36-43aa-acb8-c763ead79d28,Anaya Retail 112,SMB,Mumbai,India,Safety
7addf11e-4a46-4df9-b9b8-ad67ac8cdaf0,Vivaan Enterprises 144,SMB,Bengaluru,India,Safety
e9b56aae-da89-49f5-b6c6-1a3968341351,Aarav Trading 118,SMB,Hyderabad,India,Safety
cbef28f8-19dd-4e30-9ecb-9fb44104f2aa,Ishaan Retail 100,SMB,Bengaluru,India,Safety
2a58c34d-3ead-41df-bb1e-f8854e1dde65,Anaya Solutions 103,SMB,Bengaluru,India,Safety
ef335049-4d2a-4c1f-8bed-670fdf13c1b1,Aditya Trading 150,SMB,Bengaluru,India,Industrial
1ad83cb4-6d7e-4e1f-9007-352cfb5ec119,Anaya Trading 145,SMB,Indore,India,Industrial
0fe56094-8b62-432c-83df-b4c42fca1110,Aditya Systems 097,SMB,Mumbai,India,Safety
f28d30ef-ae12-4027-a6ac-91063d85c60f,Aditya Systems 076,Enterprise,Mumbai,India,Automotive
19f412d0-2599-407b-b74d-c0745db01819,Meera Systems 124,Enterprise,Bengaluru,India,Safety
40e98818-036d-4c18-9587-42ca3be75aba,Riya Trading 152,SMB,Bengaluru,India,Safety
fe6e2b23-1c50-4691-8f19-07000bec1411,Riya Trading 152,SMB,Hyderabad,India,Industrial
a2133a66-63d9-476c-a9a6-929056fd3292,Kabir Trading 109,Enterprise,Hyderabad,India,Safety
faae0105-f321-4aa7-b893-4016519e2629,Aarav Retail 080,SMB,Bengaluru,India,Safety
9b17a08a-8a85-4d13-b75c-85ad87cd20ef,Aditya Industries 119,SMB,Hyderabad,India,Industrial
f875155a-14ce-413c-889f-ac735b134a72,Vivaan Enterprises 144,SMB,Hyderabad,India,Industrial
c7677a92-9828-4571-9f68-94984653d8ba,Anaya Trading 105,SMB,Mumbai,India,Safety
a1a95003-c024-485b-a016-1b26dfe8736b,Anaya Systems 104,SMB,Bengaluru,India,Safety
25bee93a-d1fc-4a55-b2ed-7a4133b69f4f,Anaya Enterprises 122,SMB,Hyderabad,India,Safety
4283824d-af79-4072-89cf-a18c1b11a7cb,Anaya Trading 105,Enterprise,Mumbai,India,Safety
2bd4c47a-aa72-4944-9463-3ee7bbb129f0,Riya Trading 089,Enterprise,Mumbai,India,Safety
439ea455-5d0d-47b9-b8ef-30410f9a8701,Riya Enterprises 143,SMB,Hyderabad,India,Industrial
1c13d0c0-99cf-4568-98e6-36ca268e87c9,Aditya Industries 133,SMB,Bengaluru,India,Industrial
c150885d-22bb-4aac-8d9b-57fc5d2e4c0c,Kabir Trading 115,SMB,Hyderabad,India,Safety
fa599de9-9d2d-4d99-8f18-4814537f3263,Kabir Industries 082,Enterprise,Mumbai,India,Safety
a1217f6c-39c2-4353-a46b-c78b453b2f5f,Kabir Trading 175,SMB,Indore,India,Industrial
acade54e-c17f-47e2-90f3-0ff87d221fca,Aditya Systems 097,Enterprise,Bengaluru,India,Safety
63dff959-de99-483b-9170-c0cc2896ee93,Meera Systems 124,SMB,Bengaluru,India,Safety
68beb6f3-43ef-4e92-b04f-432523fc9fe7,Aditya Systems 097,Enterprise,Mumbai,India,Safety
a46cac4f-8747-41b5-8983-ebe537a5e6ce,Meera Trading 098,SMB,Mumbai,India,Safety
aaad25f0-2c7e-4554-92f4-91da741a1d7e,Kabir Industries 157,SMB,Indore,India,Safety
52519196-f105-4009-9495-896598517437,Riya Retail 135,SMB,Bengaluru,India,Industrial
290dab14-f386-4327-9777-dbab076e702f,Riya Retail 135,SMB,Bengaluru,India,Safety
d1764bcc-39fd-4ae7-9888-bda7dc77b155,Anaya Solutions 132,SMB,Hyderabad,India,Industrial
78a3f6b3-fb64-4933-ab17-aabaac85f85d,Meera Trading 155,SMB,Indore,India,Safety
cc0e485d-2a7f-4c8b-9c35-bee3613e7b32,Anaya Systems 086,Enterprise,Bengaluru,India,Safety
4cb6f3be-c6b6-44ab-bf77-32e1757fe61e,Aditya Retail 120,SMB,Bengaluru,India,Safety
a59a92bc-0da5-4148-8e7e-b69139469790,Meera Solutions 106,SMB,Bengaluru,India,Safety
b9d06fe7-94ad-461d-bbd2-59f5a6da82a7,Kabir Retail 174,SMB,Indore,India,Industrial
21b1abb6-bd97-490c-bda8-5027055649c7,Vivaan Systems 131,SMB,Bengaluru,India,Industrial
9969ed27-522f-4cc1-9e08-5b2d73632e25,Aditya Systems 076,Enterprise,Mumbai,India,Safety
3cc07fa4-ec2d-474b-b1c2-75add4b6f842,Meera Trading 155,SMB,Indore,India,Industrial
088c4e42-eee4-4e8e-9974-578f5a8d7d01,Aarav Enterprises 140,SMB,Hyderabad,India,Safety
55049a80-a31d-46fb-b8ae-fb860b650f7e,Aditya Industries 126,SMB,Hyderabad,India,Safety
d13bf560-288d-47b3-bc4a-1851ef4acadf,Riya Enterprises 143,SMB,Indore,India,Industrial
7ee57e80-91b4-429b-85ce-f3f20a2e81d6,Anaya Trading 113,SMB,Bengaluru,India,Safety
4a28da84-c00a-4946-b95f-b663b8395b75,Meera Systems 216,SMB,Pune,India,IT
7aaf7a04-906b-4a2b-8fc1-b08ecd0fef18,Aditya Retail 090,Enterprise,Mumbai,India,Safety
1dae4583-79ea-4898-beec-3608655951a2,Aditya Industries 085,Enterprise,Bengaluru,India,Safety
3ff54a10-ebfa-40c3-97dd-22a572fe8a7b,Aditya Industries 133,SMB,Bengaluru,India,Safety
68a9a040-db8a-420f-944a-06f438695609,Vivaan Trading 138,SMB,Hyderabad,India,Safety
340e56b1-c0aa-49a7-a607-10340b4d2877,Anaya Trading 113,SMB,Bengaluru,India,Safety
0e1fa528-57f3-4b9d-b187-dd1621b950b8,Aditya Industries 119,SMB,Mumbai,India,Safety
b1ca7ebd-4913-4ee4-b80c-a1f981fad836,Aditya Industries 126,SMB,Hyderabad,India,Safety
3c3616c6-c230-4d1a-9f44-7952e7164fd9,Anaya Enterprises 122,Enterprise,Bengaluru,India,Industrial
5d59b98b-50aa-4080-a235-150b51442227,Anaya Enterprises 122,SMB,Bengaluru,India,Safety
df660f99-ebf5-4b63-a994-0b5d077daf70,Kabir Trading 109,Enterprise,Mumbai,India,Safety
426aac44-46c3-4d04-8b9d-158a999dce7d,Vivaan Enterprises 144,SMB,Hyderabad,India,Industrial
eb36b66a-9eb2-4864-8ac0-a982864b147b,Kabir Solutions 111,SMB,Mumbai,India,Safety
9b8933bb-5801-4ed9-8f0b-37272f76a4e1,Vivaan Enterprises 153,SMB,Hyderabad,India,Safety
ad911e43-7195-4edb-b150-143337cfbd42,Aditya Industries 119,SMB,Bengaluru,India,Industrial
b09c1e48-0090-45d4-a128-a03e9937a6f9,Anaya Solutions 127,Enterprise,Bengaluru,India,Safety
659acfa4-be9d-46c5-b5f8-cba61184dff6,Kabir Solutions 111,SMB,Bengaluru,India,Industrial
86b00ead-64e3-42f8-8a51-e9aef73949c3,Aditya Systems 121,SMB,Bengaluru,India,Safety
202798e2-1834-4f4a-b0d7-8e7b0dee8673,Aditya Systems 097,SMB,Bengaluru,India,Safety
e8d93714-b893-4a23-a639-6e61b4f348b2,Anaya Solutions 103,SMB,Bengaluru,India,Safety
a1ed554c-0326-43d4-8081-766df97afd05,Meera Retail 083,Enterprise,Mumbai,India,Safety
d8e3b9a7-5a70-4074-bd84-8dcdcd3b01a4,Vivaan Industries 137,SMB,Indore,India,Industrial
9b361807-2762-40ac-9efb-fe4a961edb67,Meera Trading 155,SMB,Hyderabad,India,Industrial
08dc94af-9df1-448c-b3d7-231ec06a4378,Anaya Solutions 127,SMB,Hyderabad,India,Industrial
2e5352e2-bf14-478c-b5cb-e1b39da0f91e,Ishaan Trading 107,SMB,Bengaluru,India,Safety
b0b27f3b-ddc0-4d4a-9943-bbff51a723c2,Anaya Industries 141,SMB,Indore,India,Safety
bd42b91c-74b8-4210-88f1-3dc4337e74a8,Meera Solutions 106,Enterprise,Bengaluru,India,Safety
1b63bf1a-0c03-449c-b5c9-830f596be469,Aditya Industries 119,SMB,Hyderabad,India,Safety
f6e1014f-2c8b-44be-8390-7f46c4286c48,Kabir Retail 117,SMB,Bengaluru,India,Industrial
3881e6aa-3bfb-4b5e-9ba7-4bfae38740e2,Anaya Retail 112,Enterprise,Bengaluru,India,Safety
2c9a0a31-fb8e-4207-8fa6-5d1317e65fdb,Aarav Enterprises 116,SMB,Hyderabad,India,Safety
d8b7d05e-cbdc-485b-8b63-5a87d551d787,Anaya Solutions 134,SMB,Bengaluru,India,Safety
b50ae82e-2167-427f-85cf-d64dc576caab,Kabir Trading 102,SMB,Bengaluru,India,Safety
1ba53942-f2a8-44f1-a16b-a3b2bf95c57c,Vivaan Trading 138,SMB,Hyderabad,India,Safety
522ecf82-013a-4dae-8c06-7bec35d0b39d,Aarav Enterprises 140,Enterprise,Bengaluru,India,Industrial
db59017d-c94d-4cce-8168-6a8d1fb4fd32,Anaya Systems 096,SMB,Bengaluru,India,Safety
3931769f-3178-488d-a1e3-83eb947fb806,Anaya Systems 104,SMB,Bengaluru,India,Safety
64056263-ecaa-46b7-bbf4-9834a621877f,Aditya Systems 130,SMB,Bengaluru,India,Safety
99934d5b-6c50-41b4-8abb-23ec423d05a6,Meera Retail 083,Enterprise,Mumbai,India,Safety
df144a62-5f9b-4c40-968c-09ef0dd0990a,Ishaan Systems 101,Enterprise,Bengaluru,India,Safety
07d4cea9-8f54-4c20-86d0-cdbb00d894ce,Aditya Retail 090,Enterprise,Mumbai,India,Safety
0c619617-517c-4340-bd3b-5f7aa6f1b6e1,Aarav Solutions 178,SMB,Hyderabad,India,Industrial
572941ad-11b7-415d-a3cf-969da0f4abd0,Kabir Industries 157,SMB,Indore,India,Industrial
53f9d24e-e899-402e-a4bc-f65a9bf70df8,Riya Industries 166,SMB,Hyderabad,India,Industrial
f2f81696-13ed-4221-979b-dc165ec42d66,Aditya Enterprises 091,Enterprise,Mumbai,India,Safety
603de315-2d6a-483e-8a08-9acf730f924d,Aditya Industries 119,SMB,Hyderabad,India,Safety
2b67d20f-00a4-4190-a3b5-df6aa2a8815b,Anaya Trading 105,Enterprise,Bengaluru,India,Safety
518c32f6-b6ba-4bef-af02-ebbe9c27ff9a,Kabir Trading 109,SMB,Bengaluru,India,Safety
03bbdce0-b6c4-49c6-9d40-c7a5f8e62168,Vivaan Enterprises 144,SMB,Indore,India,Industrial
2276c72e-b161-4d15-9725-e309c03922c4,Aditya Systems 121,Enterprise,Hyderabad,India,Safety
20ed3a38-fe91-47ee-9ef7-e0ae85152870,Vivaan Systems 131,SMB,Hyderabad,India,Industrial
558867b7-e5db-4171-9546-4f2321131aca,Meera Solutions 147,SMB,Bengaluru,India,Safety
e5ed737a-5a8c-4d3f-9ba4-d78b54761b27,Meera Trading 098,SMB,Bengaluru,India,Safety
437a499e-fa98-4b70-bb5b-62779a3dc3e1,Anaya Trading 209,SMB,Indore,India,Industrial
939487a2-bca9-4ceb-a374-febf2f252a3c,Kabir Solutions 111,SMB,Bengaluru,India,Safety
db173a40-1dee-4dc1-b08b-eca0a3b98466,Vivaan Systems 078,SMB,Mumbai,India,Safety
d816c9ee-8f78-4f91-be11-b9de1f7484f0,Kabir Systems 177,SMB,Indore,India,IT
9e689ea4-a6ba-493e-aee4-c9076fabb9e1,Aditya Systems 121,SMB,Bengaluru,India,Safety
02140544-9863-4531-a68f-8d7e3c6749ee,Aditya Retail 120,SMB,Mumbai,India,Safety
727329e3-1e1d-4e69-8bfe-4eea9ef49fac,Meera Enterprises 185,SMB,Indore,India,Industrial
a5d42a85-b562-4548-915b-85df633e2323,Vivaan Retail 099,Enterprise,Bengaluru,India,Safety
5a755ebf-4f26-4861-96f8-d2d874243df0,Anaya Solutions 128,SMB,Hyderabad,India,Safety
645434eb-fbc4-4ada-87c4-08c8e0c8e222,Riya Systems 110,SMB,Bengaluru,India,Safety
822b7c68-3577-43f5-a364-236ddf159ae9,Meera Retail 125,SMB,Hyderabad,India,Safety
ba7ffa2e-aa4a-4c08-8c4d-0956bc4d1e31,Aarav Trading 118,SMB,Bengaluru,India,Safety
709fb5b0-1513-44e5-894e-6761527e3644,Aditya Systems 130,SMB,Bengaluru,India,Industrial
5bb303ae-f1e0-4f13-aee8-4e8a82b4dd22,Riya Systems 110,SMB,Bengaluru,India,Industrial
41c61186-9dcf-4447-bad6-621189d192bf,Kabir Solutions 111,SMB,Bengaluru,India,Safety
f17335de-4d79-4dc1-8792-af784aede93a,Anaya Solutions 103,Enterprise,Bengaluru,India,Safety
82d71e83-85f4-40b1-bfb9-1805138cde21,Vivaan Trading 138,SMB,Hyderabad,India,Industrial
3d6d59df-e6bd-48f3-bbf2-b2475ad7e04d,Aditya Solutions 167,SMB,Pune,India,Industrial
db97fe0d-9bdf-490a-93b6-3b3b41afcb31,Riya Systems 156,SMB,Indore,India,IT
c8de0e19-f1d0-48a8-b788-c84d598601dc,Anaya Solutions 128,SMB,Bengaluru,India,Industrial
4e2d7728-be55-4d58-b69e-78b8aefe434f,Meera Systems 124,SMB,Hyderabad,India,Industrial
60bd0810-a405-4941-bbbf-95ff3d4cd23a,Meera Trading 092,Enterprise,Mumbai,India,Safety
382d1bca-ce5c-4f3f-b65c-8cc20bfb5ab8,Meera Systems 123,SMB,Bengaluru,India,Safety
111a2d8a-e44d-4ead-92fd-99257b7ea5e8,Anaya Retail 088,Enterprise,Mumbai,India,Safety
882f2ff0-2ef5-4462-8d30-c0f2d462b5d4,Riya Enterprises 143,Enterprise,Hyderabad,India,Industrial
6d39ed4f-1449-4720-8a9b-05ff7b5fe106,Anaya Solutions 132,SMB,Hyderabad,India,Industrial
43998ae4-4287-4d23-9647-16ea0ea7b7bd,Vivaan Systems 131,SMB,Hyderabad,India,Safety
e5e833a1-1801-4ee2-ad37-6453de870575,Riya Industries 146,SMB,Hyderabad,India,Industrial
85a1ef76-222a-4323-99bf-7f5743d0e5ce,Meera Trading 098,Enterprise,Mumbai,India,Safety
0712a6bf-cfa0-45f7-bb69-b00006c265d7,Riya Industries 146,SMB,Hyderabad,India,Industrial
cc0e6d4f-63a0-4e63-b1b0-db4a7a0732c1,Riya Systems 156,SMB,Hyderabad,India,IT
32ad840e-07ac-4789-9629-0f960363d491,Vivaan Solutions 159,SMB,Hyderabad,India,IT
555ede37-7f33-41c4-8e01-5b9be09e9750,Anaya Solutions 132,SMB,Hyderabad,India,Industrial
c130763f-ad15-46d5-9b44-bfbebb43438c,Meera Retail 125,SMB,Bengaluru,India,Safety
d7bdd1a9-fab4-4ce7-a333-92dabc819c40,Meera Retail 083,Enterprise,Bengaluru,India,Safety
f2a7002c-3b6c-4c9d-a258-4da1a33246eb,Aditya Solutions 223,SMB,Pune,India,Industrial
8e1bad4f-fda4-435c-8a83-e7e1366ee7ba,Aditya Industries 119,Enterprise,Bengaluru,India,Safety
e9017629-8def-4922-a0d4-59e09dce6129,Meera Trading 142,SMB,Indore,India,Industrial
327db521-cd59-4134-999a-f88107d8605f,Kabir Industries 157,SMB,Hyderabad,India,Industrial
c20458d1-4e39-4462-8e26-79ff01460b44,Aarav Retail 114,SMB,Hyderabad,India,Safety
bd7006fe-a131-43d8-8e74-fb2f15521dc4,Aditya Solutions 167,SMB,Hyderabad,India,IT
3a437dcd-7881-43fc-b1f0-3e7dfe3a4353,Riya Enterprises 136,Enterprise,Bengaluru,India,Industrial
a7a7e4d3-07ed-42df-a87a-c794414e50e5,Meera Trading 098,Enterprise,Mumbai,India,Safety
6a31b40b-7f21-471a-b7e6-85b088672596,Riya Systems 191,SMB,Indore,India,IT
643af3a1-4dc0-48da-98a8-89c759263484,Kabir Solutions 111,Enterprise,Bengaluru,India,Safety
a56d8376-52d4-4808-aa3d-3119f849cfa2,Aditya Trading 150,Enterprise,Bengaluru,India,Industrial
86363632-a35a-434b-bee6-f61c028bbc69,Riya Trading 152,SMB,Indore,India,Industrial
537d8691-d6f0-495f-8dae-a3bad19220c5,Anaya Trading 113,SMB,Bengaluru,India,Safety
44619eb1-9e31-4701-88da-10d447d81690,Vivaan Systems 131,SMB,Hyderabad,India,Safety
a12458b0-0ccb-4029-962d-e2a9805e995f,Vivaan Retail 099,Enterprise,Mumbai,India,Safety
bb7944f8-eec1-4acf-b9ce-dd2b35998f22,Aditya Retail 189,SMB,Hyderabad,India,Industrial
5ba57db0-bcb0-492b-a861-7cb9e135cf04,Ishaan Trading 107,Enterprise,Bengaluru,India,Safety
bcf43d4f-e413-4be8-8eb5-2d6fdb3ecb53,Kabir Solutions 111,SMB,Hyderabad,India,Safety
def7eae1-822c-430e-8418-544928af3c01,Meera Industries 183,SMB,Hyderabad,India,Industrial
fd92d656-4eb1-41ac-af2d-a3c1527a4234,Kabir Retail 172,SMB,Hyderabad,India,Industrial
3bad4c27-e50b-4ac9-a98e-0ea42e6a5186,Vivaan Enterprises 153,SMB,Hyderabad,India,Safety
fd980dec-5a19-403b-a460-85a34be93638,Meera Trading 098,Enterprise,Bengaluru,India,Safety
f6e3d4a3-b87b-42ff-9bea-bd185f3c4e7d,Vivaan Systems 078,Enterprise,Mumbai,India,Safety
b8091020-d359-4688-82d3-c44ea6da5f1c,Anaya Industries 067,Enterprise,Mumbai,India,Safety
44d98d87-e12b-47fc-a11d-2bbe976648e3,Anaya Systems 104,Enterprise,Bengaluru,India,Safety
bb4a596a-61ed-4141-8491-aad05037b655,Kabir Retail 174,SMB,Hyderabad,India,Industrial
09568964-3dc3-4821-9e1c-5e5ca54eff8a,Aditya Enterprises 091,SMB,Mumbai,India,Safety
98cd0453-2868-4da7-996e-88d04df011bb,Anaya Retail 112,Enterprise,Bengaluru,India,Safety
5da0ce5f-5777-4cc8-aba4-3e7cc2ba0471,Vivaan Enterprises 153,SMB,Indore,India,Industrial
dcd3bbcc-b7fe-4276-979d-a763abed687f,Anaya Solutions 132,SMB,Indore,India,Industrial
0685ee81-0250-40a1-b450-551ba602c1de,Ishaan Trading 107,SMB,Hyderabad,India,Safety
2e484383-0a34-4121-92d3-e4636184e725,Anaya Solutions 127,SMB,Bengaluru,India,Safety
461a571d-6bb6-48a8-921b-fee9959c7450,Riya Solutions 095,Enterprise,Mumbai,India,Safety
e8fe1403-09d7-47de-a594-344ad39d31c3,Aditya Systems 121,SMB,Bengaluru,India,Safety
7b816970-7846-4d54-9659-07370156b1cf,Anaya Trading 145,SMB,Hyderabad,India,Industrial
02e9e335-ee5c-44cd-9098-ba14397b2dac,Kabir Retail 117,SMB,Indore,India,Safety
48d57a44-73df-4952-8129-a2d7e94d52c4,Vivaan Systems 131,SMB,Bengaluru,India,Industrial
ebea6c00-456c-4409-9923-0dc1159a96ee,Vivaan Industries 137,Enterprise,Hyderabad,India,Industrial
e005b745-14c5-4e05-a77d-3edaf41f63b1,Vivaan Industries 074,Enterprise,Mumbai,India,Automotive
9b5b0c6c-0338-4c6a-b913-c6544b968a60,Kabir Trading 109,SMB,Mumbai,India,Safety
82c49978-1f7f-456f-9001-e4ec2c1eb000,Riya Systems 110,SMB,Hyderabad,India,Safety
5407a735-ee5c-469c-bade-5e3d17ad77e3,Vivaan Enterprises 144,SMB,Hyderabad,India,Industrial
70885538-e120-4af2-b25c-ab0eaa3951a6,Anaya Industries 093,SMB,Bengaluru,India,Safety
9e0cdf4f-ba6c-481a-ab44-e4401f37450e,Meera Retail 083,Enterprise,Mumbai,India,Safety
b7e56949-bb78-48a4-a6ba-22331d7b68ca,Aarav Enterprises 140,SMB,Hyderabad,India,Industrial
34b66839-f37c-4804-bfaf-be53d9b50c43,Aditya Systems 108,SMB,Bengaluru,India,Safety
46fde2ef-76e7-497e-ab02-fd619a0c0b36,Kabir Retail 173,SMB,Hyderabad,India,Industrial
161eef30-5ab2-47e7-b014-4941316f2e1a,Aditya Systems 097,Enterprise,Mumbai,India,Safety
497b53a8-1d5f-4c8f-8347-6556ee683c47,Aditya Retail 090,SMB,Mumbai,India,Safety
7118684d-1184-49a7-a68e-a6fff9ba0838,Kabir Retail 117,SMB,Mumbai,India,Safety
ede6ee53-dc66-405e-8523-fc00d39c6bdd,Meera Retail 083,Enterprise,Mumbai,India,Safety
d48353d9-c041-4820-af08-f061d47328e3,Anaya Retail 072,Enterprise,Mumbai,India,Safety
f97653df-1fc8-4fd3-a49f-9c9f46dfb54d,Anaya Enterprises 122,Enterprise,Hyderabad,India,Industrial
9167c70f-529b-4c26-8cd8-3d99fe3397c9,Anaya Solutions 127,SMB,Bengaluru,India,Industrial
b1ff942d-fcbd-4b76-bde6-180418229616,Meera Solutions 151,SMB,Indore,India,Safety
072a4665-13cf-4220-aa0e-1e0ee243c125,Aditya Systems 108,Enterprise,Bengaluru,India,Safety
255d75f5-856a-4ae2-8ed5-67e464446d76,Aarav Retail 114,SMB,Hyderabad,India,Safety
cb3f915f-50c4-45a1-a9f6-0e9c96c6a31f,Meera Trading 142,SMB,Bengaluru,India,Safety
5694b6d1-0b5b-486b-9e61-2d9452233d50,Kabir Industries 184,SMB,Chennai,India,Industrial
1a0d9498-33d8-4c6d-86c2-a45c23f24597,Kabir Trading 115,SMB,Hyderabad,India,Safety
c7cb7361-a5a0-4610-84fe-833cf0b5a65d,Anaya Systems 104,SMB,Bengaluru,India,Safety
39d35b5d-31ad-4bac-aee8-cd8925faf949,Kabir Trading 115,SMB,Mumbai,India,Safety
653a9968-9028-4b9a-b7f7-be2b456c26e4,Anaya Trading 145,SMB,Indore,India,Safety
41b45b4e-617f-44c8-80a0-02209528efa4,Aarav Enterprises 140,SMB,Hyderabad,India,Industrial
12ff5cb1-b874-4275-8ca1-eeb791bacac7,Aditya Systems 121,SMB,Hyderabad,India,Industrial
533c2f1c-f72a-40b7-9797-59d6c1d9c6ee,Vivaan Enterprises 153,SMB,Bengaluru,India,Safety
9d988500-ad5e-44ae-a63e-02727815e62d,Ishaan Trading 107,SMB,Bengaluru,India,Safety
8a01ed37-8faf-459d-9b07-069ace4ce4ca,Anaya Solutions 132,SMB,Hyderabad,India,Safety
2c4705d7-161a-4313-bef3-e54f65394bd9,Riya Systems 110,Enterprise,Bengaluru,India,Safety
98ce483a-fc66-408b-8e1f-631a787f7d71,Anaya Solutions 128,SMB,Hyderabad,India,Safety
b022bec9-2cfc-406a-a904-3690115b4624,Kabir Systems 129,SMB,Hyderabad,India,Industrial
c97df7f9-4bad-4cae-b98c-73e2b474f426,Aditya Industries 085,SMB,Bengaluru,India,Safety
e3178881-a59d-4207-ac23-26b3b7f20d88,Anaya Industries 141,SMB,Hyderabad,India,Safety
0f706136-35b4-45f2-a33f-ba4f320ecfb6,Meera Trading 092,SMB,Mumbai,India,Safety
6c0d339a-29b8-485a-a8ec-aa33f5db04e0,Meera Retail 083,SMB,Bengaluru,India,Safety
f75d4886-ace4-431d-83c1-abd88689c4b6,Anaya Retail 072,Enterprise,Mumbai,India,Safety
e4109961-34c1-4c9e-b9e7-79095c2fe57e,Meera Systems 123,SMB,Hyderabad,India,Industrial
2ca6b920-8be9-47c1-ad40-dc83c77338b4,Vivaan Retail 099,Enterprise,Bengaluru,India,Safety
553785a0-a474-4b36-b392-ef17969c5196,Kabir Retail 172,SMB,Hyderabad,India,IT
50c32051-6b6e-455e-98a2-0771a0c9ca3d,Anaya Trading 105,Enterprise,Bengaluru,India,Safety
cb3339ec-a675-4ef8-a908-6b1f589c4099,Kabir Systems 129,SMB,Hyderabad,India,Safety
bc5991d6-fbcd-462f-a361-33d1d4cc8286,Anaya Trading 113,SMB,Mumbai,India,Safety
7380587d-cc20-4ce2-a748-316fb06f599e,Anaya Systems 104,SMB,Hyderabad,India,Safety
93e28360-d3ac-413f-aa92-7a32cce0511d,Anaya Retail 088,Enterprise,Bengaluru,India,Safety
e80470d0-8c87-4b76-8559-f5858858a093,Anaya Trading 105,SMB,Bengaluru,India,Safety
6ad00b1f-777d-44a7-9349-1aad828f644d,Anaya Industries 093,Enterprise,Bengaluru,India,Safety
a4d04f94-f86f-4af7-a801-7ec540a26454,Anaya Systems 104,Enterprise,Mumbai,India,Safety
b16ad142-1e81-4895-a510-2e2812b1d8fd,Kabir Retail 172,SMB,Indore,India,Industrial
b3537c7a-7e38-42e4-99ca-92b215d73748,Ishaan Trading 107,SMB,Mumbai,India,Safety
025552a1-7f2e-46e1-b310-18474636d37c,Aarav Trading 118,SMB,Hyderabad,India,Safety
4b494701-19d3-42cd-8bd4-94b5f2028049,Anaya Solutions 103,SMB,Bengaluru,India,Safety
a5fc1d14-6053-43e5-bacb-4c5c223b7f52,Anaya Solutions 103,Enterprise,Bengaluru,India,Safety
349450c4-99fb-44ce-8337-b644f8d2e4f2,Meera Trading 092,Enterprise,Mumbai,India,Safety
875fd038-858a-4891-89aa-18c37e25af92,Aditya Solutions 167,SMB,Hyderabad,India,IT
434cb7d5-9aa9-4bfd-9a76-b74001014626,Aditya Systems 130,SMB,Indore,India,Safety
20dd7f95-6e67-4bd2-9c16-eabca1fbf984,Anaya Enterprises 122,SMB,Hyderabad,India,Safety
af25c094-726e-4618-9e81-ed09bc0382f0,Meera Trading 142,SMB,Hyderabad,India,Safety
d1f07c56-2d87-4374-b692-a2c422a9f321,Anaya Industries 093,SMB,Hyderabad,India,Safety
c274024d-7c6b-4f91-ada2-a5efcc532fec,Kabir Industries 082,SMB,Bengaluru,India,Safety
b54b2a30-ab9a-4d5c-8be3-bd102e7e0121,Riya Enterprises 136,SMB,Hyderabad,India,Safety
a1ecd7e0-4b59-4589-8d64-4502030d3f54,Anaya Trading 200,SMB,Hyderabad,India,IT
2d51597f-368b-44f0-8b04-d95a5c9ffb9b,Anaya Trading 105,SMB,Mumbai,India,Safety
aa86532e-f2c8-45bd-9fc8-53a419eb3081,Kabir Systems 129,SMB,Bengaluru,India,Industrial
1da4c85d-7cbe-4a51-8577-f27b535a5b14,Riya Trading 089,Enterprise,Bengaluru,India,Safety
d56dcff0-531d-4b52-bc9d-1b812849ae1f,Anaya Solutions 103,Enterprise,Mumbai,India,Safety
0901d84c-5ec5-4bd4-bb69-202b82735c5d,Kabir Systems 177,SMB,Indore,India,IT
bcf2ab6f-02fe-4647-928f-c5b7d99a1606,Vivaan Solutions 176,SMB,Indore,India,Industrial
591d0ed3-8b64-455f-9cc7-23248b388ded,Aditya Systems 130,SMB,Bengaluru,India,Industrial
dd52ae26-0fcb-4bd1-9253-33408eb9b4b7,Riya Enterprises 169,SMB,Hyderabad,India,Industrial
ae278c94-ac8c-4c2c-bb1e-22f7cf0a3c18,Aditya Systems 121,SMB,Hyderabad,India,Safety
a3758801-eee9-49f1-8b39-f2871c54b9c2,Aditya Trading 150,SMB,Indore,India,Industrial
8090daff-75a2-4da5-902b-dece90ffd821,Kabir Trading 070,Enterprise,Mumbai,India,Automotive
6e7c1c28-9941-43d2-b692-cdeed89bad13,Vivaan Enterprises 144,SMB,Pune,India,Industrial
05948621-a398-4334-b2f1-c45ff9af54ec,Meera Retail 125,SMB,Bengaluru,India,Industrial
b300f5b8-d111-460a-a162-acc85126485b,Meera Solutions 106,Enterprise,Bengaluru,India,Safety
c6ace7a0-6ef5-4cd6-b5c2-658718523824,Aarav Enterprises 116,SMB,Hyderabad,India,Safety
5832dad6-54fd-4ba6-9992-9a6ad26f6987,Anaya Solutions 132,SMB,Bengaluru,India,Industrial
495cd213-518e-4ce6-b37b-208d86745ae8,Vivaan Enterprises 153,SMB,Bengaluru,India,Safety
d7bf313b-748c-4c42-a458-a3d05d935ae8,Aditya Industries 133,SMB,Hyderabad,India,Safety
03c0bc55-6791-41a6-9b96-6807ff264d6e,Vivaan Trading 138,SMB,Hyderabad,India,Industrial
