inventory_id,supplier_id,product_id,warehouse,quantity_on_hand,quantity_reserved,quantity_available,reorder_point,inventory_status
7309ae1d-1cfa-4128-ad7d-c133c2604e6a,9b1bd7cf-e281-41d0-a743-0c10cd3d923d,19c8d94e-0a08-4ecb-b161-3c8568a7508b,Pune DC,1402.6675357201343,482.272836927523,920,805.5703733112263,Overstocked
10f15d07-a1bc-40bc-9103-556f7f9277e1,70f98edf-29a4-4b04-9a80-99811ce69b35,8cfe57fc-b883-4537-be82-286607dbf123,Mumbai DC,1967.1533330094846,99.8399066346685,1867,108.59949612704249,Overstocked
69996222-7ed5-4aec-b8b9-c7c0bf5d8012,a09f0117-7f59-45c9-97d2-d24686698ce9,00b332bf-29bd-44eb-a89c-0ed4de0dbf15,Chennai DC,285.26233378746565,50.091852471284426,235,560.9012290477436,Overstocked
a320df76-9ff3-41ba-90ee-9a88bf1a86a2,8079108d-7c4d-4fc9-87ff-cb8d1c2b5dd4,0eff5cb7-edf5-46af-8d23-6cc3c7827b18,Mumbai DC,3698.098332707849,480.5545392016077,3218,191.72347337959295,Overstocked
85316afb-b2c8-436a-a5bf-67f9c12925cd,f9a8b86c-2dfc-445d-9ac1-4c6a803bda35,fef8e783-efd4-4dad-89f7-1da758f5f47e,Mumbai DC,3501.8014203387265,402.31168025626357,3099,620.6848069993871,Overstocked
272c09fd-2f0b-4f67-b309-33bb2d5494f3,3756c15b-81e9-4f59-aa2f-d708250dade1,a15ce91e-f410-4d18-9a37-84638a1a4607,Mumbai DC,2207.496201937758,133.15934337279973,2074,379.2952949229236,Overstocked
32bdf555-dd6b-4b8a-8005-2ace7c45a3f8,d392be4f-9006-441d-a164-24189ba45ee4,fb621b92-efbd-47b7-b5c4-ac81a07ee5f1,Pune DC,2282.9660018880086,325.7363204411715,1957,630.3378725702364,Overstocked
6f0dca8f-f749-4d15-b375-912b3aa08fd0,cf97cddf-0309-4e99-95b8-fb81533873d5,e304a2c3-aae4-4c89-92f1-a347550a4b68,Chennai DC,2389.06506835421,588.8475490097529,1800,561.7985005528105,Overstocked
895c3715-6bfe-4376-9e46-d7ea7600a4fc,705e651d-71f1-4600-9725-03cdc6cdd234,8dbd24f4-9bb1-4465-a283-acbe677169cf,Pune DC,688.4391217512525,656.8425937436076,32,370.99379594238144,Overstocked
95f4b32e-89da-4bc7-bdc4-1a2ffb967201,c6cdaabe-7d6a-4868-a622-e27b1fa017da,20aaea86-b211-4039-82cb-961ee26d9ca6,Mumbai DC,2161.7945545831144,606.291177714513,1556,68.24787478859756,Overstocked
14072e41-4b7b-4475-ab01-ac6fdd53b954,ce20d984-db0e-42b9-abb4-d365dc351808,f24bd710-ff66-44f3-86d3-613ae47ff97a,Chennai DC,3553.828116263418,276.31421242558025,3278,724.0651868890767,Overstocked
2a49bbaa-ff21-40d6-b3e4-eaa0094d5af3,c49a3485-45ca-4e72-8bc1-35712e6f6b4f,6d475d35-e835-4274-9ce9-827d4e2c0a68,Pune DC,2815.436297956525,8.979391099199352,2806,111.11178463192331,Overstocked
f917b3f6-3209-48ea-828f-8fb95b82dda3,1e7c8fb9-89d7-4c7e-895c-44b44a290727,4ac3f9f4-d23b-472f-967c-53fe330664a9,Mumbai DC,887.0501148439581,665.8575501113866,221,64.89914415525571,Overstocked
368dfe0d-fa25-47f0-94a8-b9034739e1f4,53663cde-7fdd-49bb-866d-185b43303924,11d53ca2-8616-4144-a090-56fa94132f0a,Pune DC,4815.532833520672,143.2476011140224,4672,796.0070141592277,Overstocked
4a4077c9-3ac7-466d-ad85-7c2dd10d6086,66573a6c-1f49-4a5e-ac0e-e35f679ab33b,11d3b895-bb92-43bb-b3f2-48e2e4e5ea04,Chennai DC,1980.9881867907438,104.00406533750613,1877,379.09486806963054,Overstocked
8971bcec-2560-4e10-aa46-58219725646c,deedea8b-8911-4559-b044-965fe310b694,2160005b-bcc2-4f57-a03c-7a5f1842f2f6,Mumbai DC,1627.1457093850024,88.5232191670318,1539,166.6634074768894,Overstocked
c51e5d5c-5d03-461b-92fd-03d919fbf269,4710d7d1-4b17-42c3-84e0-c383b91409e4,7c08db16-7466-4597-840c-e0af99d3432b,Chennai DC,4192.682782229454,144.0071925601606,4049,110.95502749901372,Overstocked
16695426-819d-41d4-8c87-941a9d7d686c,f94fc8f8-49a2-42b9-9a85-27324b614513,5155da9d-ce7f-4856-b4a7-ca56c363f0d9,Mumbai DC,4331.10832284933,160.81748836394496,4170,77.48893040257104,Overstocked
5a91e2f7-b1b2-46f4-b36e-ffa724e0997e,9376bf07-05aa-4ac2-8f37-2ec77440331d,b7f15c9d-2192-4441-aa9d-e1d1afcab6dd,Mumbai DC,4165.564927741278,14.610129098692914,4151,590.3963528398177,Overstocked
58546495-91a6-4723-a617-b756a06f7327,98f787ff-39b4-4f4a-8223-6bddfe1c521b,6380879f-f1c0-4076-a5c2-b1a02878dbe5,Mumbai DC,1696.6332547556706,618.0992958611514,1079,900.5248655192104,Overstocked
ea5b9932-36bf-4779-99fa-26a3a401b420,675a71fe-f9d0-4c13-aadb-2d29296f37bd,28a115dd-e0e2-45ef-9388-e9c5074c877f,Pune DC,424.2344345763322,623.8171838454384,-200,146.68626956109225,Overstocked
85d38af0-c3ce-4548-87be-93acae7fa823,14d98cfb-8ca0-42ae-98b1-f44fb2752c17,8af6bcdf-ab88-4b19-a938-8ae8dc0d19c7,Pune DC,3842.2818767456533,678.9103184537522,3163,320.78095850774514,Overstocked
393ce5ce-a6ae-4a8a-9b58-9dd709d72518,a419da77-106a-41ef-a243-928dc41dfdd5,4720fa17-c8c7-4eb2-999e-85654361ce0e,Mumbai DC,3023.1500781664477,735.0328755802839,2288,695.3356668775525,Overstocked
3dfea778-9f83-444b-bf49-64b69e413ebb,6691c060-0218-4873-8675-f523250bd2b0,a353874e-6df9-43d9-a35a-a4accf3e8ff4,Pune DC,1649.6655125447658,136.4657049005742,1513,353.3573405967832,Overstocked
c098c3d2-c42e-41c4-9e6e-5db36844470c,66ca65ec-e47d-47aa-9cce-046e5be6e0dd,f4112ab8-c1b0-417f-b333-70647d03c7bd,Pune DC,3334.31541574064,609.7967636778438,2725,837.5349056314683,Overstocked
238c3895-8594-4b3c-b64c-59f09eb67742,aff12597-373e-43b1-ba64-ac593e864d5b,bec72de6-4187-48de-bd81-3b108ceb12b4,Pune DC,1825.1970975516629,776.0229820514728,1049,744.1954184398622,Overstocked
e67caeea-5bb1-4ec3-b884-71f1e28f953a,b9e3bc01-6cc8-4bd7-ba4a-dae5fde2d5c9,63fd5576-1dfb-4612-ac1c-5295b53e358b,Mumbai DC,3962.97231220947,669.4888711957694,3293,664.9892220928654,Overstocked
a288e88c-f2c2-490d-8b96-431560ba1076,6079a886-181e-4f14-93f7-f7a335f0cd5e,570d7278-a15c-4f51-a4d0-75d4a8fb99fb,Pune DC,3507.7513864067546,166.54653715449422,3341,709.4958538844195,Overstocked
fd67d80b-a637-4023-bceb-6f9cbaaf44b1,a9ef1f69-73e4-4ad2-86f6-1fcb6608f05e,e002856e-6ff9-4952-b3d3-cfe85496d467,Chennai DC,2898.0011929528187,306.12536693163304,2592,304.1532324358007,Overstocked
df39e6e3-2e4f-4c09-80a0-cbe368279cb7,def39b38-14f1-4fc4-b6f8-c0abbf7639fc,befe02fc-fd1b-4565-a15f-0e5893145959,Pune DC,4664.800294367475,536.3419663826287,4128,348.341736854234,Overstocked
143c1cbc-fddf-4076-9731-7944f6506cda,e0d0bfec-20db-4649-bf65-a8ca42bd261e,2c64e21b-0151-4238-a792-77f1ef4468c6,Kolkata DC,1704.4738581699396,561.1906286326887,1143,320.7056596574541,Overstocked
948598b7-f3c4-4b1d-a7dd-593c5a428f69,78c1bd40-13d0-44fe-b3bb-7009b041de49,bc59ed23-f0b7-49df-aa58-a6b36e888bf0,Chennai DC,645.6247888323893,215.4890778646736,430,930.5960891213492,Overstocked
7fb9a841-acc2-4085-9116-d0ab9e0099cc,3e730d78-358c-4503-b8a2-d98f2a7073ff,0edafb74-f91c-42bb-bf48-e8b90cccba8c,Pune DC,1012.5883346840396,12.816684318091458,1000,930.2191034785014,Overstocked
cac55c32-a8a7-4eec-9c0c-93c6e7b3863d,a0fd47fb-62f2-4c48-9cc2-297a3d603c7b,10b7b6c2-de70-4b46-aabc-2ee576d4c8f6,Mumbai DC,568.240424352209,677.759429394398,-110,753.3411585619737,Overstocked
b8344c1f-85e7-4d01-808b-3bc9cfb01336,c9069f41-2235-4f5b-ac56-5d4f0aa8f683,c5e3a355-dded-40e9-b75d-4d65c4e22bd9,Mumbai DC,2434.4541992084514,157.98477416260306,2276,50.0,Overstocked
875261f0-12ee-41e8-9b6d-6806118cc32a,fc8db264-e957-4c52-a9b8-7732b41a5807,4a840921-d0d8-40c7-8360-3216e3efc578,Pune DC,4311.213675743517,323.4805060285162,3988,511.03028048653096,Overstocked
363f797c-b4bd-4d63-8749-e6c44c85fa33,4f4b4a1b-b85b-41d9-ac44-eba8d9b3c59c,1f269695-f530-4f85-9b8d-7313e18a8098,Mumbai DC,2207.2753194767092,37.93481248109056,2169,456.95912071317224,Overstocked
cd77b16f-f5e8-43f9-84d8-1f13227cb37b,ee765ea2-e6eb-40da-8196-1ef8ebafb16e,b1c316b7-aca8-48c6-99ab-27c399087da4,Mumbai DC,4794.837602691651,58.12429366903036,4737,257.53082983053105,Overstocked
f4865cd8-dd52-45a3-b0d8-0f24aa4e9363,ba6b98b7-c9a0-4bfb-bd10-ad66389749df,2debe5eb-4faa-4118-a752-a5972a3689d6,Chennai DC,60.71413611531198,47.76118726710472,13,433.2813669465973,Overstocked
02cbd1fe-b381-4ed8-9dec-42019ced20d1,38cd344d-b159-4981-8c52-c73604999083,b51821a8-cd64-4d50-b5ee-ccfd4be96309,Mumbai DC,4026.787148293461,78.0866481660334,3949,470.40655826146764,Overstocked
1b1dc51e-05b1-4071-b607-afb5d8240bd8,0a09df22-4a54-4f9a-a211-beb829b90ce3,3599a8f4-e66e-4120-a0b4-3fc50e34b6a0,Mumbai DC,2436.339109689631,462.98886746085833,1973,112.91388974072801,Overstocked
bc6eb6bd-5f43-4695-a785-56eab066198a,1009e71e-1a8a-47a9-87e0-20e44869cd28,0873712d-5bcf-474f-8071-0b141e3b6a35,Mumbai DC,1634.1099635295075,480.5123027744135,1154,65.41054936602228,Overstocked
93d6a47e-7073-4fa5-b079-9226de9012f6,1d44a839-4459-4ceb-a3a7-2241decb5a3e,5415146f-5c14-4b0c-8d91-ab92857022a2,Pune DC,4613.423535554669,454.85375903907163,4159,991.035973413628,Overstocked
2f4cf39e-7467-4135-beda-194b2da9a6c9,39876384-7ea7-4d43-a96c-c0c259dbc2c3,f09480fe-3122-4b7e-9fa5-a6ac260815e2,Mumbai DC,447.3033192344342,68.4872468584566,379,104.21924810311877,Overstocked
36707d76-8c7a-4f40-84e0-6c05fc54590d,addfe878-cfb6-4114-991f-0763597f2354,8d54a199-5db3-4f33-9c97-04c7f4df2d0d,Pune DC,4179.334681327282,3.7976855872711996,4176,159.88139664001753,Overstocked
e0a86a54-5a54-4a36-95ac-a284eb33e0f1,6d5775b8-340d-4e84-9734-6725df1924f5,07932d9e-0802-4f71-bf7b-72a0f33fc156,Pune DC,2943.727819149157,307.1657905150096,2637,479.8069703939679,Low Stock
0a1d86e1-7397-41da-aaff-38e2bc732724,18a97da1-e852-4f78-b2fd-f831bfe7729e,32f35372-cac1-483a-8aab-36e8c3c414ad,Chennai DC,2275.7416533027663,765.731470106766,1510,64.97597926316715,Overstocked
ea6ac4f1-e5b2-4480-95f5-2cb46c608edc,711e6179-952e-4e40-8382-6a2cd9aeff45,6f208f98-665f-474d-a2ab-147d4dc35f28,Mumbai DC,649.8699647831927,59.996653606809396,590,649.9841084929043,Overstocked
fd0e9e5d-d451-43ca-9b13-0b35058a1c32,9a53c56f-15fb-40a7-aa15-ed75dd347811,97b1ca48-0b72-4630-9d27-67661a2a782d,Mumbai DC,4579.537124082023,564.369580609598,4015,394.50571960643214,Overstocked
afa42e9f-c50c-42fb-b66a-d523d31040c4,cad81a34-1ade-4e49-b00a-95c6715ce241,4f37304b-ee38-4c69-8fac-cd0b56c0c5bb,Delhi DC,631.4381311491376,431.65973482234256,200,667.1658110953703,Overstocked
e5fd8546-eae6-4d10-8dad-ddf5ead95729,b42440f6-a5eb-4cd0-9e03-38cce5ecff09,ef8f9022-1091-4392-be8a-dd227abcb31b,Pune DC,1623.1565731953165,415.93596001717094,1207,836.4948645744585,Overstocked
4cc9458e-3d12-461b-9efc-846556c2a023,f2ceb749-ff38-4aff-adf8-aa4ece445df7,1b328e41-7c90-4273-9603-08b5bd246a04,Pune DC,1610.8005236827055,143.62772338931336,1467,57.67460258702313,Overstocked
2686d397-ecdb-4028-a6c6-69d559c01fd2,8067389a-8317-4d56-96fa-fb52826e25f9,ebedc196-f312-4b64-bd14-e1091d6e70d8,Mumbai DC,3524.7185654656264,602.7057368873212,2922,303.40119295258137,Overstocked
1bcefa16-cdad-40ed-9ee4-c96fe31b455c,91579c55-cae6-4748-9299-d322975615e7,118b8640-daac-455f-acf7-d945de31700f,Pune DC,3253.6519630235102,123.34016393305293,3130,911.5176027408701,Overstocked
b8c2d3cd-2aa0-4477-91b2-cf38ad80bdb8,3038e4b1-8a14-4b19-8826-a255a825c3da,be88e1ab-75ba-4cda-9b12-284b2856a247,Mumbai DC,2687.495121188858,797.6785805755654,1890,296.8828918555524,Overstocked
c22e8cdf-84a3-43e8-8637-fc2a1822d9d9,2a53edc9-54c9-420d-adf2-cde312156ee3,5f85cff3-d02b-4f9a-a463-b608d36ec801,Mumbai DC,1924.1840731077189,24.244917058808536,1900,292.61419846588547,Overstocked
b7335d23-4304-479b-9cb2-fed10b849f83,64e35f31-3d78-4deb-8e4f-f0b9f4cde331,d30f20bc-693f-4d2d-bb3c-da1e7dd18da6,Kolkata DC,2290.742738527495,781.1682178687514,1510,232.52825618672824,Overstocked
776eb681-ceda-4cb5-bc90-817ba948d193,8dbea7e0-3e1b-48ce-85d4-29b3fa477766,f63c0e2a-a33c-43b4-9a56-d1ec3baff94c,Chennai DC,4886.167562099545,144.935419387513,4741,898.6940478772532,Overstocked
c6b8060b-099a-432c-8fed-9f3e283c68d1,7d0a31c3-bbda-4e86-8cbd-77bdc3a7410d,2b328e63-290e-4f7a-bc29-9512c63f495b,Mumbai DC,3985.6364356394947,654.7080540541673,3331,188.7403615256586,Healthy
dceecfc1-f45d-4005-954c-f40feae1c1e6,b2372c47-29e1-47d5-bef5-7a857d8ee9ce,8cbc1963-2c2c-464e-9c43-72986222a693,Pune DC,4427.417251128434,753.3037967438968,3674,385.32405335307925,Overstocked
e01478d0-b731-46bc-b8ee-9d72e812feda,9c9c8009-ec8d-4649-aed4-c96289f5ad0e,ee1d519e-b52e-4118-bfdb-c483f929a9b0,Chennai DC,953.3178426627446,194.70373443531923,759,558.1241313080204,Overstocked
487aa41a-5aad-4234-a060-3a4881c2d2d3,8999aefd-c156-4cbc-b18c-92916d178c20,b1b35b1b-34a0-491d-a278-8e0a764dc5e8,Chennai DC,4991.2107870015525,69.05129536653347,4922,466.1162511573293,Low Stock
d3b77230-82e4-4cf5-9cff-8e84b964d7ae,236ca1cc-fbae-47e5-bff1-bb1339354c0e,4adeccdc-6936-4795-a5c4-ced9a3a53e96,Kolkata DC,1590.3560761394886,152.0161936311607,1438,373.17113654208964,Overstocked
9fe35024-c8bc-420e-8402-c68afcf4239f,dcf150e4-97c9-4c72-bb6a-e112aba1a3da,454ed707-ac0e-45ae-9974-21a5ca323a68,Chennai DC,3984.133139336707,10.509644911765648,3974,236.87439354129927,Overstocked
dac10982-2809-4edb-bdac-6da649bc1b71,1ee30983-a716-465a-89e8-22210bc156c8,eb84ee5a-40a4-406e-96c1-557d17ca8da2,Pune DC,2314.116575007314,727.2634718838115,1587,721.6569990094468,Overstocked
006bcbcb-871c-467a-a912-99005cc1565f,561576c5-696f-4d67-b071-d2f5eda38ee0,c2480178-02dd-4282-88d1-90ba58830fa5,Pune DC,1013.2722382034035,460.87538748956297,552,378.14009714571904,Overstocked
78bfb7f2-111a-4e8a-be19-77566a15dd97,0c8b388d-9d6c-4325-8643-d4403c6805f3,92a8af95-f8f9-4a12-94c1-a4d0c93edd15,Pune DC,4811.377000267017,614.69045707527,4197,329.57102354626636,Overstocked
c638fc1b-f1e0-4625-8fa5-4326b02802c9,fe6fb097-92b0-448a-b960-f637c4fe9493,2c249cc7-d117-42e5-ac50-a05ecc2254f5,Mumbai DC,3847.2362217275067,415.5370943284502,3432,821.2165679952049,Overstocked
73d15b32-cf7d-465f-b48e-bee773f6b5cc,6cfb9a06-828e-4df3-8fbc-c4757e5e8da6,d9455894-e80f-4657-af4b-2ae001beecb6,Chennai DC,1380.4873837135926,174.36005537223687,1206,859.3779454589863,Low Stock
cadeeabf-4786-4433-8cfe-ed8a6df399e7,e68771df-9019-4669-8571-8d886822d918,a2112de1-b0ab-41de-83a5-9a0dd2c5044c,Mumbai DC,542.6435049123393,751.9880023556425,-209,718.3705929192918,Overstocked
15073fd3-adf6-4609-a294-091eea8a4a33,fb749836-d56e-4901-9d4b-af2823e23b71,f87b0bf9-6f3e-48fa-abdd-fc494841028f,Pune DC,2680.2067840202058,615.2843774394349,2065,428.70159426410675,Overstocked
7661d25d-6da3-4b1b-9bc0-feee4da57ab2,fcca8abb-7b95-48d5-a037-4c5716addf7d,890c793d-1627-47bb-a4ef-1acb7560dac4,Pune DC,1276.6516814759475,4.068631209335673,1273,211.80446329369568,Overstocked
de5f4cad-0fd0-4d7f-a4a9-09079af37d07,d37ce4b5-3ff5-4e1e-a16d-1b6231a1b846,5a3b844f-9a3a-406b-aa82-f6dbda5fcc36,Pune DC,1344.2054620497233,678.6307110517919,666,157.2514532687483,Overstocked
109bc24a-96d1-4535-868d-98c6ad4920de,331c6c80-d118-42b7-afea-21d1edc35464,2802a1a5-cf07-4d96-b9a5-26e9002c1207,Pune DC,4344.704166924836,14.493927823267697,4330,387.0725997207727,Overstocked
7646ae9c-21f5-4409-893e-437102bc34e6,651b70c5-2421-4231-8802-1da883b05adb,9531086d-0b5c-4d0b-b127-af50b6d85e72,Mumbai DC,2080.8077711222213,139.90314842523043,1941,829.9522125125856,Overstocked
59bd85f1-932b-427d-afc0-fe2840b17d13,64725d1f-faab-4d7f-906b-cf4bc7833680,ba055b5b-9c9f-4dec-a0c6-744c573b0ae4,Pune DC,3177.9406696361034,159.72063916682535,3018,883.2123635549844,Overstocked
2d84cbfd-21e2-4a21-8f86-8ae10cf5e3d4,e08ac253-4184-454f-ae85-7e9a1b5ce9ff,ae2ca54e-0b89-4bd2-94ac-db1274ec3ecd,Mumbai DC,3251.1414475785878,358.4516543937607,2893,78.31473904290353,Overstocked
b1c0eede-785a-4da6-a630-4b76352ca26d,89e6f2b6-6934-4c91-95e1-a4f13b4ad64c,e581927f-40fa-4053-8400-eb11ee42b84d,Delhi DC,660.9884310926246,4.855221226042076,656,203.95639718028767,Healthy
81c6c512-9f7d-4081-9faa-12057cb0ef2b,80ac34fd-a579-4da5-8f7b-87e8f93860c4,6568b991-9143-459f-996c-9ba75ff54491,Chennai DC,2936.3438898289305,224.42418808187645,2712,70.10836122977697,Overstocked
747949c2-196b-4a8a-9e4b-128415b4a8e4,751e97b1-591f-4582-9fc7-e38aff61dfd1,77682792-52b9-4a55-90b2-beb3593c7483,Pune DC,986.0590455974624,589.0933735692502,397,909.9896642059268,Overstocked
f304b5be-9015-4ac9-91b4-acd6f21eaf54,2fe966da-d313-4211-ab6e-52cc54a3424c,c1726598-7ce1-4de7-9861-fb72e762bb05,Mumbai DC,3797.30501972858,43.47248386157551,3754,829.1269850209643,Overstocked
65888d23-2e5e-4bee-93a8-5036bbee9a07,74e5cba5-3333-4bd5-811c-366db08ee6a1,0fe16438-035f-42bf-9c19-b7f7ca5a8c14,Mumbai DC,3321.5563614026455,21.814121333345682,3300,911.6618066113532,Overstocked
874b26ac-d112-4fc5-9168-be6c604c8054,8a5f5ad3-3d21-4199-bd88-48aa9ed5b132,fc5e0774-5be6-454e-822a-dfa383438612,Mumbai DC,561.6140355974516,370.5269046216716,191,214.63843137074855,Overstocked
6373379d-7a58-4fdd-8fd2-566ccd30f621,84fc31df-eb0a-461a-8654-d3a65dbb45aa,9470b7d5-5da8-4818-ab39-15385ed73036,Mumbai DC,3890.736051718262,57.321694072727496,3833,925.1253161752967,Overstocked
c5b25826-3fba-4919-a19b-2885917057c4,8656e788-3eb3-4d21-b256-13a5893d6222,402f2977-7b3e-4d30-8c02-15566f09f1b4,Delhi DC,3730.3299892549408,369.4490341584262,3361,577.4041249635474,Healthy
d30d5bf8-f73e-46de-be67-ca3bad788823,1d4fde06-62f5-4615-b89e-5b0994066e0e,1aa6637b-1d30-4b83-8f16-3fcd514b94eb,Mumbai DC,4584.778159060312,171.17268492397974,4414,558.5551197073181,Overstocked
b089dd1e-a6b4-41b5-850b-43b73f842f11,fd3841c6-2dc0-4c5e-8f7e-211a5780a3f3,941e883f-e5a6-469c-9bd5-2f8d60259f6e,Pune DC,1505.0535720995688,446.8064513606755,1058,102.21177208895537,Overstocked
4406447d-85ff-49ed-9185-eff6b9d4f6c3,4cbff816-734a-4d96-be7e-7133a4e475cc,f0128cb5-8d25-4fc8-91fd-4208aa966c45,Mumbai DC,2986.432894087569,412.5449427306803,2574,139.01077864120523,Overstocked
34731222-6379-4bc1-94e9-cbec1d729e86,d7ad0202-a1d7-452c-9f2e-519e29c22163,db816347-3b7b-4033-8c18-c14dcd7837fb,Pune DC,4051.673767622748,383.16944832414697,3669,104.2940551885735,Overstocked
67ef91ce-6cdc-4a68-a683-14eb1ffca9bf,1cd207ad-c7e7-46b1-932a-3afa818e8b50,50c04515-6d25-4f06-9c01-892c19600d09,Mumbai DC,3886.362225138347,111.75023469935363,3775,832.2667733345404,Overstocked
49b595fe-b09e-4333-9d9c-406207b7936f,6b9ce3cd-2dab-4366-b30a-ec0ad663a01c,b0661949-e3d7-4991-a300-b3c31a0f8bcc,Chennai DC,3325.011967020879,269.59049847413877,3055,415.76434198038544,Overstocked
a7c36abb-da57-4eb8-81eb-f39deef9117f,2e6536d2-6ebc-4405-bd6c-5963769d2e62,e4f1a1d9-e48d-4d77-8614-abb2eda2be7f,Delhi DC,2266.1201507048363,295.4488735093155,1971,796.0622872920203,Healthy
2d036dde-49a3-48b5-b7ca-4b00437ff252,9ea21d3b-15cf-44fc-b35b-8443ca33115b,2eddfabf-f595-40c8-84ca-354540daa2f0,Kolkata DC,2168.6704266994248,478.58571126645177,1690,208.50430676439908,Overstocked
20fd08a7-908e-47f7-a08e-9c50e90199b1,6765418a-e631-496b-b564-d941a82b26ca,24b8d9b5-8a04-4550-8ed4-7b501c7fd04d,Delhi DC,3080.463396818845,305.63656800300987,2775,666.7981327362918,Overstocked
dce57f68-5886-44c5-9636-e7885ac5dcd5,8cecf18b-a107-4694-bf7d-4d2e8e9dfbef,5118a371-3d3e-4170-807e-ae61ef0a7a5b,Pune DC,2674.803108230917,122.03947842402677,2553,929.0511878455845,Overstocked
e04cd3d2-e5b1-4592-834a-bb77aad7896f,135a2118-d09a-4a31-a344-e2b2f0ff0828,292979a8-2925-4e58-b13e-18d6e95f410a,Mumbai DC,2666.5129830874926,37.14877872016182,2629,300.750717523591,Overstocked
7fdfcd85-ffbb-4960-b6bc-ae02bc45dfd2,051fd902-7fc4-4d3b-b92b-02a71ff0e8a2,f13985df-ee86-4423-9eaf-781b7c799629,Mumbai DC,1463.4104626605804,411.2652691786055,1052,76.34281462219965,Overstocked
26e1e045-306e-40f9-9e2d-4509d34db9aa,a95c8fe7-1854-4d04-8bfc-3cadd308be97,07f222b7-9ab4-4f27-beda-9642d381f065,Mumbai DC,4419.331108703957,32.01881887093266,4387,470.49127680160336,Overstocked
5aeecf5e-d157-4670-ad2e-bbf774026695,f5591583-7ae4-474e-86da-8e174df69ebf,4aeb35d5-8a05-4363-aff8-d04fb13b6f5f,Delhi DC,1794.6052507608085,553.6404912962122,1241,276.78362926863184,Overstocked
84c67fca-b9d9-4f80-b343-6e31e365f6e8,bf1e890b-f33d-42ed-8df3-789d185ce5e0,3bb70027-bfbb-4c25-ac2f-d6004176f71d,Mumbai DC,4629.611089586453,7.290832935089505,4622,847.2674610796098,Overstocked
61338fe0-0dfc-4859-afca-e332e1cad1c1,fc73ab91-a7b7-4501-8262-6948ff0e8c62,3317af27-a5d2-472d-be06-671470e73c01,Mumbai DC,3869.302427380928,438.56967792598175,3431,327.66883014136283,Healthy
2265b999-edb4-4ef5-9316-db44649b4997,c516b0ef-3139-46d6-ade3-27873f123438,4673294b-e79c-4b78-ad1a-d2e7845641a4,Pune DC,1390.0182427586924,606.3351191342776,784,606.7602461873943,Overstocked
2c999bba-61a1-4e78-b662-0d7fdacfa7d4,fa21c259-217e-48a2-a412-b881eeb63918,d4837e3b-a1cf-42ab-a07b-243a8eecedbc,Mumbai DC,2281.850616137188,764.567661819235,1517,50.93687240276249,Overstocked
e3cab78a-2252-4447-b9e6-31b1063f8d46,539d04c4-b6da-4f68-9aa9-9172826b0753,e98501f8-6e8b-41d5-8f67-87df98aec959,Kolkata DC,4215.846205332008,6.020438115713839,4210,154.2688500964703,Overstocked
88fa436b-e38e-48b0-b37e-c6175893a3f6,77a9ee6b-cd69-487e-b100-529bc900d5b6,85f5d60e-18c4-4064-88e0-5194fe112753,Mumbai DC,2339.8347463476507,65.9101375946261,2274,416.7414832414297,Overstocked
584da353-c864-455a-bc6b-f388523d3f4c,ffc58cb6-2031-4ef1-be1a-99fab06525f0,895a12b1-f0a0-4718-b059-d6cbf3f024c3,Pune DC,1612.644357549837,790.4333953579392,822,455.22805899070664,Overstocked
93127373-03aa-4b50-aa6c-444fa14c1010,df7316a0-2e0f-4e30-9c8e-38e40f95fbb9,36b4fb5a-0d1a-4701-8600-93e0edf9f087,Chennai DC,3328.3528562758806,370.4235698148846,2958,973.8879002944644,Overstocked
7ad32f62-6425-4b0c-80a5-b4fbac2115c8,fa2fe836-1b76-4843-8852-2c0379d1f6e6,d8b6ac57-f631-49ae-b607-9cf8dbbb0507,Mumbai DC,520.6431048445623,501.946651451138,19,520.8530695585482,Overstocked
aa4f588f-d92b-4d6e-ae1e-dde770805af7,927a0310-d63f-4368-b1f2-4151aa4ce944,c9319bff-3713-41ad-a84c-1e8613f4ad07,Chennai DC,1074.863527421122,778.7946146820311,296,819.7209130758164,Overstocked
b83ae5a9-4a41-4a6a-90da-fc0e7ce39547,6935dc66-d115-47ea-b1c4-2561cf16b29c,defdfd84-fddd-4030-9bb8-f551de379a80,Kolkata DC,3323.206967205248,143.1883670042823,3180,534.7026455926361,Overstocked
af0d9df2-e887-40ea-9831-0b4e94c3a105,4de5137f-9f50-47d8-8ada-51e6e3fe1e23,d2673939-af42-4ccf-a734-c67782f9c9c5,Chennai DC,68.96703112903545,13.339609785252222,56,71.95155097877289,Overstocked
25ea62e8-bc8c-4fa7-9357-5272a29047da,384212af-3ed7-4d3e-8eb0-92a728e81d90,81a27de5-fcef-4aa9-96ce-c7cae62b64f3,Delhi DC,3311.929329299148,609.9842976835255,2702,811.2953351908227,Overstocked
d180429e-65fb-4f77-8e58-374f3d89d1ee,f3d76762-bb28-4ff0-ad5e-cbbb85f0823d,f1695ec9-2415-4083-97f4-82fe1f1bff8c,Pune DC,557.5030942852086,6.715508374465999,551,284.96577620811433,Overstocked
b43da3ce-d930-4f72-b769-6b842bd3fc8a,5b4ab5e1-39dc-4b43-9c63-2ea3b7bf2d1f,8de9707e-6356-47c4-a76a-07e5a01959d9,Chennai DC,2376.1035604084473,49.47561496055724,2327,532.5661362951254,Low Stock
505c7faf-d5b3-4312-a10a-e49803ce9a3c,04d63662-7734-4af9-9489-be09eab917ea,e8f2b7ae-8d77-45ca-8e4f-1e8c195b31a1,Mumbai DC,2930.2918866442687,347.43776426866475,2583,352.73176170649754,Overstocked
c8e29c12-fb2c-4ee1-828c-5b892e955d82,09f023f6-f67d-4270-a4bd-fcea533dc3b6,a4870d85-2f7c-46d7-a012-8ea5cdc9aa5c,Chennai DC,1721.3134134669515,134.24868904734132,1587,206.4129187786978,Low Stock
a7f985f5-02b7-44a4-83d2-5256fa2eda82,92fe68ab-cf03-48cf-bc8c-2d71ca32f475,d3e2312a-6a9a-499d-92d9-67fa0427da1d,Mumbai DC,3801.821482586616,59.36321436391089,3742,930.7909758361133,Overstocked
75137656-e41c-4390-a5bd-e8a2ee326025,af3bc08a-91c3-4bab-a106-00073e764c9b,82963322-b868-432b-98dc-da9c8664e1c1,Pune DC,4649.79603697801,351.6837631640097,4298,821.7235957149815,Overstocked
6dabffa9-4beb-4e29-b2df-f27587d7bdfb,d11ef80e-31f0-485e-9b3b-991cc7b7c013,23403697-06fb-405c-a6c1-4b47a579d333,Mumbai DC,3268.914583386428,3.742123334322676,3265,572.8626269422126,Overstocked
19090225-76c6-4284-b3ee-9079c9366635,64efca70-bed3-4843-bab0-4d22e7037fd6,dc13ba45-4d76-4a96-95ec-98a559399f03,Chennai DC,3477.84399194379,182.0906620830431,3296,274.50075854248576,Overstocked
8c10d04a-640b-45ad-8286-dab42c401a10,a47980fb-d55f-4892-98fe-4dc753b8f3fe,1ba2d611-d0d4-43e5-b2b1-2f1a581f2011,Pune DC,3673.419528819493,254.13232811214897,3419,890.8910846720116,Overstocked
c6bd283c-95e7-4ca3-84ad-0fe232950174,196bad77-2977-4c3e-b751-45f2b1da26e9,6fde1c77-073b-4f58-bafa-38a90b0d4ec3,Mumbai DC,989.1331847594778,373.01895962157596,616,385.757831822269,Overstocked
d583c27b-49ea-4d33-9a9d-ad921ef4269f,94eb70c1-e5eb-4c63-a91a-04eb0404d058,592116e7-006d-4b35-acae-5fe86a0508ec,Pune DC,291.03688416498585,278.574059777913,12,53.56438847984103,Overstocked
253258f6-cee8-40f3-8642-61a59ba278ed,727d5436-77d7-4edf-bb76-7d7e546a823b,d64d946e-3a62-485a-a052-39385f609fe9,Chennai DC,1052.2329137070144,232.34719537183875,820,455.2504477276635,Overstocked
96bfab7b-10b6-49c8-bf53-9f7457998b78,e1940bca-6b6c-4a3c-8db2-8c0392f4972f,4676f451-6574-47c1-a994-ad6274026fff,Pune DC,690.9413654777029,405.23126867476503,286,202.52555862568227,Overstocked
52c84ade-df52-469e-99e3-a5c8e8ace4ad,00ad0e96-694f-48c6-8529-c0137eb35460,6c04a44a-9717-49f7-9c42-1f53ab41dc78,Delhi DC,2942.488882815898,376.42225500652904,2566,460.2626624392121,Overstocked
932d4838-3bc9-431e-be96-09a73fd9ffbf,a78e1da9-18ee-4c4e-89d0-71394e1c87b7,3210d20d-0998-4b82-815b-9d2f16ace374,Mumbai DC,2412.3769457994645,276.24517034750176,2136,212.4582421955259,Overstocked
4d78f234-04e9-410b-829e-2c7a2921a7ad,b1ea1752-28fe-496b-8028-fbcd383d7b41,8acc1b68-c3be-4752-ad36-1ee0c80f9780,Pune DC,116.85973339411636,24.189801478149764,93,467.2805644897072,Overstocked
72011087-4b3f-4c53-b01b-75a5f32bf4fb,6b4fe90b-b96e-436d-b4e0-e86ebc2b7218,a07ca340-f287-4306-aa93-857170f49c19,Pune DC,3850.9359496853317,67.72411352643496,3783,135.33069244556964,Overstocked
63dbca0f-9b9e-4190-86b8-75b4239d0d79,556b21f4-9980-4c68-9d40-176fc4436bea,34197e53-6034-4ee1-b5c8-e447632e51bd,Chennai DC,3988.161514941061,168.13190562076883,3820,930.4011296335517,Overstocked
ecd541bc-fcd0-44db-b603-d1581c57c19a,ca815c56-8869-4905-a9f3-193124eec106,d407a642-f3d4-4abc-8b7c-36515a32384c,Pune DC,2971.785747215826,387.845901366725,2584,194.27104747219084,Overstocked
34ea4d1d-8194-4110-8326-8fac911fcfef,bbff44af-a75f-4b24-ab92-0fcd8e7ecf29,fed9b456-2e26-4c1a-8133-4a88addd889d,Mumbai DC,3782.1113562647056,149.6244341850808,3632,790.3375530139125,Overstocked
d04cce4b-8baa-4de9-b412-a27aefc2774d,e1988cfe-4e07-4492-8edb-bd0eea3ea6ff,43eee193-053c-474d-ba6d-725b2b996001,Mumbai DC,282.89968994686785,285.0820644893276,-2,662.9186096092436,Overstocked
fd16a092-7596-4406-86b9-16850e65f5b9,79dde452-1ef6-4935-beed-0ef1af162468,84e81fd6-e4c1-42f5-8148-e8f6a0a9d851,Chennai DC,1064.8328075316135,66.00746951523553,999,198.88066354608995,Low Stock
07e2c39d-dd9b-418f-ad93-4e4b8fcc650e,6aabd299-2eb8-4766-bbde-b88e499a9379,8a2163c5-9ea8-4ce7-87e7-64d1605f3dd7,Chennai DC,2706.9029341154937,10.198278354971508,2697,440.1280137423934,Overstocked
10e066d0-a635-4e86-ade7-54342949a3f5,406f12b8-e4ca-4fb3-beba-5d5c76a86891,6040e224-79e2-4098-ad92-824d2f173efb,Chennai DC,62.099902244548744,27.433327143345018,35,169.97913651417457,Overstocked
089513b1-3339-44a8-bbea-a6ec2fef21c4,d1d72d8c-2486-4e1b-aabf-e4ccd983b11b,e4e03adb-242d-498c-84ad-dd2ae26f92aa,Mumbai DC,4956.678871750698,39.55744528398901,4917,513.5651069583964,Healthy
6e2a5caa-71d5-4642-97e6-63902ed4c5d2,d34c3230-a0e1-408f-984a-d1438728f400,ae993a6a-dd19-4f25-8704-1f8d2b0f4e36,Kolkata DC,1474.6772088820467,462.35084597833946,1012,88.87367266995345,Overstocked
ae538d11-183e-4455-8563-f0b77790f2a0,0715c05d-5acb-4ae4-bfc1-c9e527657b3a,e6ee9380-7ae9-4cf6-bcdd-01b7fa7c5869,Mumbai DC,731.5301122752217,300.2563444713147,431,499.5694843056031,Overstocked
49e29a5f-e613-4dc0-850a-a354e0e28e55,2b6c354c-8e3f-4463-bb22-ce73d0005ae4,49968f35-e28c-478e-90ac-32c3026f98d5,Pune DC,3306.524962268665,695.7634447346182,2611,102.11263842249828,Overstocked
374de9a3-1ae1-4fb7-b6f0-190b8d4b32d4,b5ef17dc-1982-413b-8ca0-f2fb0d64c4ca,70f91048-486b-44a1-b00c-01366330c1ce,Pune DC,230.51137521242273,718.4139436064846,-488,794.1166753710728,Overstocked
64f6591a-81da-4c19-baa6-7ec9387a51c7,bf8cff34-14e1-435b-ad9e-aae032b63f1e,fe2d98a0-e62c-404d-a311-05751cbfb9a5,Pune DC,1824.3509892399584,151.9600485924165,1672,226.2385859912788,Overstocked
9a6f8ecb-d44e-45a6-b348-95ebe7fb54ac,e17c0b05-8459-4ea0-8b8e-debc044d8423,bfd75266-62c6-4aea-bd9e-1981086e1728,Mumbai DC,39.3071290926246,52.85131490873306,-14,818.5830081872737,Overstocked
b7e9e2e7-f0f7-4ab8-b96c-2c27f738a859,4addd694-e889-47ac-b344-6bf0bb1c4e18,66b0eea5-23ca-4245-926a-9766b4be4bcb,Chennai DC,4491.364864868488,747.367862561422,3744,949.4780350671582,Low Stock
d3a05660-2743-4426-909e-4d7039e50609,fc19ef25-0c18-4f77-afd7-81b6973e2cac,db72e9c9-ba73-4e5e-a4e2-b95c3b7aea91,Chennai DC,4899.77435214657,482.35196901832217,4417,245.57228875235072,Overstocked
b1880803-8eec-4eeb-bd53-e98faf29899b,9b7834c4-4ca6-49ec-87fd-56e1e78f20a5,0e66e756-80ed-4830-9091-caa60a76fec6,Mumbai DC,4051.2145576075686,585.3200962839426,3466,589.7305041393003,Overstocked
a05b745f-8535-47ea-946a-8774dcec2709,62030e6d-57e4-4287-b9e3-e463d1609be1,dc806ad5-0aa0-45f0-9179-4429b8f4ff65,Chennai DC,3436.409745916884,697.603672080982,2739,196.0424081723651,Overstocked
89aca270-2d7e-44f3-a802-6628ebdaddee,aba429fd-69a4-4fc0-8960-2c9edf242178,f536912a-5b58-488a-828e-77508c6ee0c0,Mumbai DC,2338.905320392849,290.095994394712,2049,313.74805273948584,Overstocked
63c9002b-adaa-4e4b-8912-51f461aac2fb,452be645-7582-4ce0-b0d2-c099526bbaa3,11e94381-46b5-42ec-9cfc-0d5da6af39ab,Delhi DC,3254.029608883121,87.14826966805028,3167,586.883007467758,Overstocked
d5b1dafd-1248-414c-91d4-5d977d400cfc,eebbd7f2-d896-47e0-a9dc-a1267b3d470b,1cbf8d99-2a1f-462b-a745-58b64129d9f2,Pune DC,3829.345142124401,471.0894545285521,3358,585.2485677234279,Overstocked
854190c5-e8ff-4010-9e90-28de25bec4d0,3c3b62b1-d6e3-4948-8e45-facd3dc3dd05,12e192e9-15a7-4699-8a0a-36bc0db41417,Pune DC,670.768324300032,549.7866315872544,121,141.2808774957312,Overstocked
1ceb97bf-b91c-4ea0-859c-e6a8b3c4bb36,adc3d818-d890-419e-94d7-e58ec2753f93,2ef16ba6-b896-4e45-84a1-7a0a2923f786,Pune DC,1120.331130077002,257.00912198858987,863,701.846473005714,Overstocked
fc9d4ec1-9e75-4d14-9a47-d4392dcaad4a,aa6fda73-b88b-41bb-a569-652c1112f988,92f75c88-6bf0-4b58-8d1a-b2905af22031,Kolkata DC,855.4937252798278,316.13008145126736,539,189.01467544210274,Overstocked
ca68c0b9-4c4f-4986-8ccf-9e00ec04d787,c9079487-297e-40c6-8bd4-ece8331429d5,535016d0-a892-488c-8bdd-455d132b0d64,Mumbai DC,4388.922584216804,247.42622231288968,4141,317.14362518893444,Overstocked
01749e82-e5c5-4685-9096-d32f2c79eaf9,69332c8b-27fd-4304-9e4d-8f57c15aac54,e0823a90-ecc9-47bc-a9c5-b1cd55c261ff,Pune DC,3317.9541351459898,520.1904986119339,2798,194.32894244686383,Overstocked
0db3ab98-86dc-4f20-9d50-216c2ee132bb,d2091c5e-fa5a-4e2a-9c23-2a095f72335f,5e7cce67-b134-4def-b509-e1eae49c7325,Delhi DC,2401.7449898025657,10.694818305712017,2391,789.0923501547448,Overstocked
8b38f176-ccf2-41da-a26b-18436bde9df3,f49fbaba-c0d6-498f-ae55-5b4e8d69ed0a,0beaec08-d4e7-438e-a23b-00e55f027007,Mumbai DC,3125.240056149221,55.034908954011435,3070,231.4101184872452,Overstocked
7162ad65-f915-4435-9e22-bc5e224c7a99,fd136d17-6ffd-43d3-b56a-7a33873804f8,fcfc7225-3cd0-4236-bb5f-222e84d57d58,Mumbai DC,4288.492819304887,398.65824748099567,3890,819.8314932932366,Overstocked
7d20a0a9-a84a-4d24-ac18-c5074b31b414,9a20b64b-a2b6-40b0-80d7-628caa1869b6,66c63981-8474-4547-968b-8b261079d61c,Mumbai DC,2917.0389718993306,228.13677818351712,2689,408.3866007235478,Overstocked
b23dc333-b108-4540-adde-c297c2bdea64,1dc91b78-ffce-4540-93e8-a69bd71074f5,24ec64be-2b82-42ef-a4e3-91da54b912b7,Mumbai DC,2705.4610724790527,636.076697968811,2069,274.62291582591075,Overstocked
769a862f-5349-48e0-84b4-23ce007d3781,70b52a50-56ae-4f96-9b47-faee15054896,d20c2fa0-ac5d-4dcd-a379-ca8e53f5887b,Mumbai DC,4110.7815617983815,72.44865353228322,4038,722.7576365983009,Overstocked
7f964494-efa3-4c02-9ab0-f6bcb10b34ff,83d0fa6c-2c26-4b27-a186-d8dea20ba69e,d97437fd-3992-4d47-86b5-c67e651f85bc,Chennai DC,554.5987190541973,77.4754499042598,477,345.3273106009098,Overstocked
b40aa8e6-f242-4d6c-8a75-0b290d1cdf09,166a41cc-a094-47ce-95d8-7ad2b8d1f49d,70d9b66b-4dd2-433d-91f5-9b89d4b68288,Mumbai DC,4508.43420505988,678.4422713782309,3830,184.36194440769722,Overstocked
4760783c-b7cf-438f-a9be-233602a32905,310e1ce5-05ee-430e-b92d-4eee9a9b2de2,ddacebbb-9955-4f58-a147-709086d2d8be,Mumbai DC,3582.3670478972817,219.3131636856025,3363,912.9896266876785,Overstocked
5c1c7bb7-c964-4f3c-b24a-02c12d09ed8e,a95baa64-048c-41e3-9bdb-59e2c7a84cfb,308f8a5d-834f-40c3-b335-0412cd9a4b55,Mumbai DC,4143.242190791045,66.65513754885188,4077,302.56873670057206,Overstocked
1971c5c4-7778-423c-ac4d-50211e4ed177,5544f112-4bc6-4746-bde0-e9b85a0c60ad,f775e7f1-7e4b-4bb1-b315-14014f75eb14,Chennai DC,1425.3384628118276,88.65081604845102,1337,997.0,Overstocked
1fa29c7c-f754-467f-9881-0c1f35c6c793,01b51e8a-75ba-4914-94da-b6bf9fc4d9eb,fffc859d-e6a5-4516-b8cf-268b9dd95f3d,Pune DC,1133.7258067291932,123.67677959152896,1010,275.5838743520715,Overstocked
c6780653-81e4-4f84-9a88-fd24e11e9e1e,e77ad9eb-d7c2-4c33-8645-a9b6fbf258ed,bfa38686-4cd8-4a32-80dd-0de25bd39571,Pune DC,2603.8267580047705,113.26579156037708,2491,780.8028700184806,Overstocked
db35825c-c6e5-465e-b554-49bc3ea9af18,2bfcb663-a105-4694-921e-797c12f906c6,f4c105c5-4e03-4bbf-b15a-8be591b38c26,Mumbai DC,2560.6734961120874,64.00321950914358,2497,411.5967516973034,Overstocked
797a2711-9826-430c-aab7-3e988e4cef2c,6d5919e0-6a57-4d76-80af-03569e3f44b0,613c6175-d192-4ddf-a814-f0ad286e4042,Mumbai DC,615.0483176072256,528.5393506592023,87,96.08472200382985,Healthy
03f1f766-8c7a-4009-b0fe-45096ce7ffd3,968fa2dc-fbb0-412e-ae06-b0e56d64af44,a294b065-8a5f-40ae-a3d5-d8883aeeb8b0,Kolkata DC,4483.012774613706,743.1108151352835,3740,124.76761281499483,Overstocked
aa3a3807-6c3d-4b03-8ca9-b1870eee02b7,2ca88cc6-c102-4a23-8a00-2f260b31ba9f,248ff347-1f93-4034-a128-df1f4d7453af,Pune DC,261.4122782797876,365.5934558312411,-104,984.5472053331118,Low Stock
753a4f19-3ea0-4330-a8cb-995d31d02a26,fb4d9f1c-e5e3-4a48-9569-3447014ae1ad,8b7f5afd-302f-4b4f-9c62-05ed5a2c4245,Mumbai DC,432.5937496541014,373.1475961120335,59,101.72043823685995,Overstocked
45f6ed7d-adb7-410f-b47b-ba7df6d48610,57c63a20-f881-42b3-95d1-4fffab74a6fb,0f966d6d-ee64-4712-afeb-02503949c1ea,Pune DC,3463.9729730923623,748.1271233277749,2716,447.94291132552564,Overstocked
25d29082-c42c-4fbf-ace2-9f76b0b21082,03afd2fa-523d-46f3-983f-f56c7c4f827f,876807f0-cafe-406a-a3e1-954ca1b82cf1,Pune DC,2350.795895158889,375.388203667438,1975,281.38458872772344,Overstocked
0cf914d2-6040-41fa-ac29-87f6cfb0346b,985797dd-9033-4803-966d-d8d8476bbddd,7854580d-88e4-456b-903b-152a94c1a029,Pune DC,614.3968181626332,190.37805690158478,424,171.7393406988091,Overstocked
47f107a4-5136-4980-a6d6-a5c2203f02fb,d24ebe57-1956-4d35-a1a0-385d56091ac9,c75da99c-1da2-45ae-998f-40cc6fedb2c4,Chennai DC,1988.7677318968033,637.6327701042915,1351,376.37931527574233,Overstocked
57bdf13f-d9a5-430c-8c99-02bbac2e49dc,05c8b55f-03d6-49a7-aa6c-661ad51a3fe6,fa4e753a-2c91-488b-981e-7030461753de,Chennai DC,550.022689029204,315.9314890707505,234,496.50389450077495,Overstocked
16a00361-403d-49a8-a5e3-205eb8e95d89,d8f502ac-7f7f-4bf8-aa13-39fec46ae0bb,511410be-0c88-4924-bec7-26b61822eaab,Pune DC,899.133842297008,488.90492853573056,410,655.2401675455728,Overstocked
b7b9835d-d707-416d-b355-e76ec1f8195a,2e26bfc8-3a64-4833-a111-196bc4c78f78,8b19cf39-ddae-4f75-9dd8-cd4155a79d9d,Mumbai DC,429.30227196324375,368.3293941308631,61,385.22003257149373,Overstocked
dacf9ea7-1145-458a-9239-75a02b6e201a,dd2efe47-e697-44b1-bf09-19b5dc01ebc0,e6a45f29-ec35-4ac0-90ed-2cd7b4ec4009,Chennai DC,4763.162815763685,641.0106099741203,4122,259.0698267900581,Overstocked
2b9cf8c7-6bad-4964-a3a0-e78db4592512,0d834062-f7d2-4e7a-bafd-6c290607c077,276083d8-e834-4776-a710-cfa3c6dda29f,Pune DC,774.5977532804552,794.1263480516162,-20,357.04224491545,Overstocked
0b322557-2160-4ce6-8a75-56ea156031f2,05aa8a2e-8bcb-4a76-a029-8f8536bfcc02,0ecee7bf-7eac-4c49-9c10-8532ee913d97,Chennai DC,2664.0716256983196,273.2385851110297,2391,226.06067106760014,Overstocked
858786b4-d63d-4668-b59e-6231faa3439a,dc86b5db-2f24-4dda-9bf6-8ce8145da259,6b0bc406-1b0e-4699-94b1-10b3e1b0fa37,Pune DC,2335.4456336853664,774.4149657101184,1561,436.83497429733194,Overstocked
def88a4c-0250-4d2f-af49-a7312ba29f7d,6d27c02e-0390-41f9-9106-b329659623e9,0b538167-1999-49f5-98e7-b71027ffec5f,Pune DC,2269.9391945482735,300.7191493522788,1969,50.327529109427566,Overstocked
785d2063-5fc9-4f68-bdf6-e7236e8c68fd,3a2d83b1-9fcb-435d-a933-bdb1b33463a4,dbab0d22-b5c7-4002-a3d6-c43e21623f2c,Pune DC,4156.359211965426,98.60226789128794,4058,777.898419860392,Overstocked
55fef0bc-909c-4177-9b0f-507ceb5ef1bd,7ae3b3e5-8f7f-4aae-afbe-f137cfccf480,195da7f5-05d5-450e-9ce7-ef613a829754,Pune DC,2656.324233011511,611.7961132035376,2045,561.2517989065831,Overstocked
ed9bc8d4-7ff1-4c25-bbc5-d4d1fa429b1c,2bbb22b9-0bcd-4de0-8201-2630c39510b8,ba6b436d-4935-46e2-9006-51806f6ebab4,Pune DC,4925.461939397524,224.15487566369643,4701,100.94512991242436,Overstocked
3f51355b-69b0-4f68-a0f5-d029700211c8,56d47f6c-146a-46b7-9e01-c267a503c0ee,afb75e97-2710-4d79-afd4-14dd337095a6,Kolkata DC,1464.552879123178,559.1690564779263,905,891.1920763648592,Overstocked
32323e36-4631-463e-935d-dc19f1b85b70,153ee247-ef9b-4373-8506-2cbcb369b09b,29728db1-ef65-4571-adee-ff1b91e1d35d,Pune DC,4334.291215143147,794.3571350907914,3540,395.90530049900536,Overstocked
4ef29413-093b-46b4-a3bd-3ef10b4256d5,dfde148a-fdde-4891-97f4-c91bccf3951f,62d77a84-f80b-4a73-b57c-8a57233118bb,Mumbai DC,4409.710160987563,395.8799626857186,4014,881.9590768953221,Healthy
974c3e8a-0cbe-4495-a6bb-65d6a0cf72ea,a9a4c235-aee2-403f-a1a0-19d99ccad8ee,01ddbcca-2f8c-46cb-8749-e6e22a357a69,Mumbai DC,4018.1470024762893,482.00314068295825,3536,261.7196757042274,Overstocked
809f7f83-ef5c-413d-a4d2-669a42d75f95,74b4fd3d-66df-436c-829d-98a2e97cf350,28945a37-92f2-4879-9d00-c0b9f63ce63d,Chennai DC,3341.1189210064945,763.8270055181725,2577,310.3377203139217,Overstocked
9ca3bda2-587c-4c0a-8456-d9625950d95f,0c203570-228f-4e2a-9835-c03430ce9b90,19430aa5-9b46-45e6-8e32-54979c869fc5,Pune DC,667.1220991429725,324.0537188404855,343,994.3393612845356,Overstocked
bebdb4bc-0417-474c-a5d3-14ef6a9e8b13,9ab8588f-021a-4bac-8ce5-27ada579a62a,7b4e6d03-99f7-4454-bc25-a31e2c867d03,Mumbai DC,1775.4479100900332,541.077176464117,1234,472.0076702968399,Overstocked
6a8c3ec7-2b07-45fb-aa6a-cc2919ee6f86,635220d4-0b1f-4eda-8873-84f5d93398a6,0c34643c-3f4b-4a0e-8a65-cc1caa841635,Pune DC,4844.452962872844,6.5206902101585635,4838,589.3169470746714,Overstocked
624cc84f-3718-40c3-978c-42f46c28dbfa,5626db5d-81a4-417f-b335-e7c1db5fe64b,dcdc3aa0-817a-4392-88b0-bb51130f2bb0,Pune DC,2878.878333844798,137.97443639242093,2741,237.40240454193972,Overstocked
b6707a8f-2c18-467b-a80c-4e8d9fee62c2,d84933e5-4e7a-4a10-bffa-24f9f4312c37,368155cd-56ac-41b3-82e5-485eb082317a,Pune DC,3267.751268072326,735.6926873364123,2532,823.1105908891203,Overstocked
15b3cb68-5b46-41fc-83b9-bd8e74584161,25b33298-74cc-481e-b2b3-2f011e36e4cf,2827b9ab-b45a-428e-b3d6-58f4143d13c0,Pune DC,3471.0485177008295,463.2402105705993,3008,411.25169289419847,Overstocked
1bb6a3be-3fc0-4e89-8269-45413de72b26,63b6b77a-a3bb-4208-b83e-60967384987e,7233ea6f-4883-4947-a09f-40b6545e321d,Kolkata DC,1516.3249046085798,701.8779301844522,814,481.3990784935452,Overstocked
72ca9062-0f18-41db-b138-2ea2bd3e6404,41c0d589-dc33-4d6f-8f6c-1efd4c02d989,f16baaa0-19b3-4194-bc0f-ab9525c44061,Chennai DC,1599.6458573254574,134.47289056791246,1465,270.38904621067786,Overstocked
977035ae-6638-4979-8107-96141a01663b,16f7848d-bbc6-477f-a7b1-34a780e24a73,b80d45cd-1612-4c62-8054-b782c9646e7a,Pune DC,3953.116007584209,557.6612210885794,3395,189.74502423748535,Overstocked
064d00b5-ead1-45cb-be7e-81e343fd014e,ce016c0e-ec01-48a8-bcb4-1db414872b31,e26c0f78-e87e-491b-b835-c6f999792e08,Pune DC,2293.6684362176825,626.6807016382342,1667,544.0973105043264,Overstocked
6b158881-fd83-40eb-8c3a-2891a2cdb0a3,fbf1c3b9-d248-4b89-9ec3-7604134fc759,ea531c81-7c76-4a79-b29b-9a2e67b72b4a,Pune DC,3923.1544883832057,655.420941147618,3268,903.9042803911983,Overstocked
cd34e87a-ebb4-4778-a8f0-1bf1761f277b,099c084e-cddb-4fc6-bcbc-4a275a47dab0,0a97f75d-cbd3-4cc4-a4ee-e438e478a357,Delhi DC,4350.1236265239,183.3832874754388,4167,624.3892113613309,Overstocked
9cbe3f07-2ecf-42c0-946b-291f04b597ec,d9500988-1db1-46f6-9894-9cd65a7f0c46,29ff1854-3984-4d89-a060-99e0a80cb605,Pune DC,2326.085902986929,27.80246287486326,2298,64.15728945854389,Overstocked
c793c1f8-d6c3-4be5-8f57-c42270897a31,d6d454c0-0ad5-47be-b1dc-b1a2838fa8dc,82396de5-3b68-4b4e-8d55-f56e4c6c524c,Chennai DC,109.31419287308762,42.646699920342805,67,466.33893709039194,Overstocked
d649037b-0196-433f-bcc5-7d9db6a9b646,b3a1a9b8-5361-4ad7-a434-d80821b20db0,2888ed0b-4118-4d5e-94f0-08094dcf5914,Mumbai DC,4461.755510030298,700.710835830231,3761,330.54790047422705,Overstocked
d5a8fd76-184d-4fd6-bc95-485f3c1e74ab,b4c21b87-a0c3-4017-881c-3bcbdb11f3f3,45cd86db-3005-49e4-b32d-c40d64080340,Mumbai DC,764.4192920304814,59.04924698934769,705,627.734670351105,Overstocked
d8f1a50c-9efd-4094-9147-7b8154f1023e,89ae9128-af58-4dc1-80f8-b7a2886575dd,63e4c693-eb14-4bf3-95de-0fdd8111bd01,Mumbai DC,633.14628326029,349.7736395500423,283,351.47235141340286,Overstocked
85fb6487-aec3-4458-8f1e-7de1b96f2ffe,772c4dde-5698-40f8-9f3a-19617e150c88,4a1c2f0b-cb78-445f-9f67-5e08d7dd02e0,Mumbai DC,1381.9301806446895,50.568101796226834,1331,827.1546258633914,Overstocked
253d7ae2-499f-4d87-ae32-40013ef7dee9,30845b9d-6fea-450d-a11b-a2e151d33f26,fffbad7b-dadd-488e-bee9-5b0ed12d564c,Mumbai DC,1997.5788680515973,254.4570632736675,1743,479.8254233896277,Overstocked
a4abf0c1-1e5d-423d-a6a5-3344d000632d,2d03c4ed-df1f-44b0-81a6-1e5f91570c92,4c2aa446-a924-4e44-8871-45492ecac572,Chennai DC,2185.359509583476,674.8220744222237,1511,422.9916971217906,Low Stock
dcfcf41b-fad4-471c-a1f1-453903eb13c7,3e64b8ae-4679-4fc0-9369-f90660ac583d,d2843445-ca86-4bac-96a9-630d714baab8,Pune DC,2568.9807487712806,675.8317272523179,1893,756.8575020235369,Overstocked
1b2bf28b-fea5-4bac-bb2e-f98f68e66163,feaacbae-f9ee-45f1-b09e-71356189a4bd,2fd22adf-009d-4621-ae6c-a61dedf12988,Mumbai DC,1052.2644012275928,56.00976005576493,996,455.6311949705486,Overstocked
3a6c6a57-120f-4770-a3ab-0c0220acc1f2,33742a9f-0896-425a-bf84-0b812d45d959,a724efca-bca8-44cc-a0fc-f339757467ef,Mumbai DC,3318.213374788666,407.75395161267346,2910,377.3654968998424,Overstocked
f8cb6e25-415b-4781-967d-07d58a220714,f22ab88b-286c-4eec-9db9-7d753956e13f,df88b9d0-705d-4c70-8c5b-bc931ac36ff9,Mumbai DC,2412.046015430286,410.43676486332646,2002,158.40151141777105,Overstocked
bd964cf6-1de0-436b-b841-27b1ce09bf09,2b29dca2-3f3b-4946-83df-c7b7fadc00f3,580b87a2-d744-4bba-8411-03680fb66b4e,Chennai DC,1510.7081725900014,469.37993921471684,1041,820.0841578278418,Overstocked
48114c27-d45a-4434-911e-fef7ff45fe46,a3a556ed-c823-43a7-aa8c-36675bd3019e,c344ac46-b85f-4327-bade-7bcf1d6d0a6d,Chennai DC,4144.634411338125,327.28832985227393,3817,76.6234634997886,Overstocked
b59dae66-2770-42be-85e1-2860d34f96b9,0735a460-58d1-4dca-b049-95cbae76da2c,7a756feb-b386-47ec-bf9a-066e42934a6b,Mumbai DC,3291.437302619692,223.8866319735106,3068,589.3633798082163,Overstocked
af378edf-5ac3-4f35-b1f8-9743f70f3821,c6b04a56-427f-44b4-8237-c398df0df989,97fa2e52-4b77-401b-a04c-19684e1e1a42,Mumbai DC,3110.2197742816643,487.48252095701855,2623,554.9340280064384,Overstocked
20e6888f-fca7-41e8-ae32-cd0149d71810,0117115a-34e0-41a0-8d01-867ca9efb910,d71b960a-b9f6-4420-adfa-650adbb04e6a,Pune DC,807.5303998277498,59.71488743827498,748,55.30318394014431,Overstocked
dfc46622-00b8-4376-b77b-ab350b50cd3b,03a78802-b090-4fdf-b19c-56b3cf93f64b,ccb76546-8fb1-4f42-92d3-ad59c75c6756,Pune DC,3288.6969920016045,555.1307876249592,2734,452.2702652593308,Overstocked
2e2bd515-2994-437c-ac9c-71c3fe332c76,97139cc7-a565-470c-88f8-005e87640b89,514faa29-02c5-4f26-b094-c932097f1808,Pune DC,1185.2050278686588,329.82479889938793,855,830.5813662198256,Overstocked
63b7d60c-188c-46e4-8e6f-ef6d6dea3380,e4aeffac-8fa6-4031-b5cd-1ef06911745a,70ad6315-d480-4653-90c7-6d38e720c226,Pune DC,4813.516317926189,72.55316589714153,4741,828.5141701406582,Overstocked
05faaafa-fbae-4f2f-9aa0-34ee798be16a,14df0263-ef1f-471e-a22e-80774c0b5f35,d715c1e0-3293-42f0-9d96-868c14a28d82,Mumbai DC,353.8555407344475,730.2854057303481,-376,833.1036781700112,Overstocked
325e99f8-4783-4b95-819f-b4536b1e78ee,4e13701e-a30d-458a-8f84-d7fbeb2b706a,08cadde7-b7cb-43fb-bd90-4a5a20ad18ea,Mumbai DC,252.38405877337232,88.62822710748644,164,918.1106240624875,Overstocked
c5a02077-1b18-403b-bb43-13e4ac866932,74f48876-9655-42b9-89e4-2846f2a9f97d,71d16f94-c8a2-4901-a19e-5aac623a1244,Pune DC,4510.633956355791,3.0,4508,580.8333438431677,Overstocked
f136e3df-dbfd-42ff-a489-2b5e1dd17ce6,4c1c3ccb-5146-4419-afda-08a272f92e0a,7dafa7bc-ec02-4eb4-8661-feeea0c32450,Pune DC,2282.400198290122,26.6492760263812,2256,596.6874763019792,Overstocked
b3ae6bb0-b6a9-432e-b62c-3ddec955b78c,e58076af-3a7e-40bf-86a6-a5ffdd000ae0,6b73341b-3729-482d-a096-f280b3f0774f,Pune DC,257.915091643464,20.594009038778545,237,969.8604152882306,Overstocked
ad5abebc-d189-4b15-b036-13a36b0a723f,1fd10423-a625-4974-b5ba-e1db233ef306,e47ea8cb-e172-4018-93e7-d62c2fcc0d2f,Mumbai DC,1332.2456767340054,758.1276796135697,574,168.94795206089495,Overstocked
d8a03693-071c-43a5-aff0-b9b502351628,31e68037-b8ff-4416-a70b-982e261dec94,acb6c386-4511-4cbe-a0ed-2f1c05e5f702,Pune DC,3422.9803268680926,260.18372747503656,3163,815.793857646755,Overstocked
111b7f63-0270-445d-9596-2f6f2af1833c,ad60f97a-7630-4eda-93fa-2d37366830a9,4ee9783d-d5c8-4ebd-bca5-bf8bab777ccf,Mumbai DC,1132.6197020645898,356.89322461859877,776,653.8563820408625,Overstocked
b944d614-cf7d-4121-b7ad-458d518ff562,df3eb845-fa35-401f-a9d1-41a5f335c243,7e6591d6-18a9-4867-b328-c0968a3493a5,Pune DC,1629.7523980549458,320.1010873588663,1310,711.6101444462611,Overstocked
043e2f5f-f00b-4eef-b41a-ca107cd93af7,7355512e-dd26-48d5-8e82-1ac97f51d310,09ad70d3-9ff3-4d98-9887-3deb60b96228,Mumbai DC,2914.204354316501,152.98754738909554,2761,808.1862544780852,Overstocked
7d09bdb6-3bee-4cdb-a5c0-5437c6cf0d8d,8388f9a9-21b1-41cc-9df9-178c30d208bd,70dab494-9099-4e41-acb9-3300545d0188,Mumbai DC,1109.0382532882675,146.88040556603713,962,50.31687961395108,Overstocked
1311f37a-5671-4940-bde8-4f5d304c0e3b,dc4cc11b-9552-4b71-9227-7361c7271188,08c2ad86-c76f-4c0d-95a3-bfe15573b3f9,Chennai DC,1882.8579390489328,651.8352404078394,1231,522.4464213032577,Overstocked
d394940b-567f-45ef-992f-608d0bf7f923,f40e3981-7b27-4deb-938a-f14439d97c0e,2b48956b-df21-4959-acb8-607e66222681,Pune DC,3520.0896068882553,308.2589983758652,3212,237.86560212887514,Overstocked
7fadcf48-3f76-419b-9c62-3bb5cd629d90,75cfdf11-9ec2-4e06-b632-0afe2a2712e2,78f01acc-08f1-43dd-8153-9eeafb7b9c5b,Pune DC,4999.0,626.7510227433083,4372,531.0057382963041,Overstocked
9d88afac-09e4-4848-988e-1839b6c5b776,0a80916d-0f03-4512-bbcb-e5fe4262c05f,f60e8deb-b729-4e76-beae-6e20408ddeb1,Kolkata DC,4192.15338143515,29.614377932591164,4163,82.48441658301434,Overstocked
6525585c-71fe-4aeb-8dd0-47cc3c1a380c,38803831-3421-45ca-b236-a70c036fd5df,138083f1-a9c2-4d64-a5bf-16ebd7865192,Pune DC,4999.0,559.3445159555482,4440,394.55641271840005,Overstocked
ce602f52-f251-4065-bc37-d0afdf497dd5,65bf91b5-c2b6-4f1d-90ac-c2045fb6afa7,b2ad732c-5e1d-4453-9349-49caaa437014,Chennai DC,1242.2936989589314,174.36048892129384,1068,598.2175731779812,Overstocked
3e5ecc6a-90b6-4f91-83b9-88d936ef4030,28b1956a-769d-474e-a1d2-e6ab441809c0,6e1a7cd4-ef06-4ce4-8498-5e3c65b945f0,Chennai DC,2175.2096728677407,333.6794835434142,1842,117.49529655843176,Overstocked
852ff4f5-c838-40c8-a4a9-0c4acd1a5736,e50acad9-5158-45e0-89ad-5b4bc006f70c,c4c3a1e5-a565-4df3-b6e4-f7bc7a194736,Delhi DC,837.1973315509548,119.30210695983943,718,968.3860767360229,Overstocked
2b62e8ff-a0ac-4b64-9e24-33d6b8ec0fa0,e77e50fb-36e1-451c-b73e-869a3fd899ae,88f7ff1e-895d-42b4-acb4-fdbcda8ba46e,Pune DC,3717.5911748125213,72.15466565191582,3645,868.9779294735245,Overstocked
5e5c95fa-cb60-44ee-bbb2-3630081058ea,025b9d71-617f-45f3-9900-6ed761b9b2b1,4d598e83-62ae-419e-9a0c-72335257e583,Pune DC,2245.9814947339746,5.207863609963786,2241,449.5053920259511,Overstocked
a49e7a51-5916-401d-ba31-3b6ff915e01f,00a181bf-fc29-4e57-8d74-51453b4f77d9,f3f50532-bf76-4cbb-b38b-f376cd23ac26,Mumbai DC,691.0825976437308,59.78576990919315,631,437.5325386163472,Overstocked
60d9145f-6d06-4935-8029-5e6eb45b73c3,058e89a3-9eb5-41f9-ad56-884eb6f509c5,5bd962ce-d109-4367-ba0f-6a737cec547f,Mumbai DC,3668.9629520272993,584.0956447824107,3085,962.0764509817766,Overstocked
32739ced-0d77-4b02-b461-4269c4dc6e96,16f812e6-56c3-4504-9eb1-f696efa524f1,08960563-517f-4a4c-8e1a-9b5048dadb66,Mumbai DC,1630.408492689658,175.06388174557856,1455,408.51389046795435,Overstocked
a9959744-07ec-49eb-a480-0d17009485d1,5b414f2a-ce29-427c-9442-a11c779155b4,0c2917d4-bd82-4d7e-b503-e3c79d7f52d0,Mumbai DC,1307.341258024392,293.3709397723611,1014,758.7753158231496,Overstocked
5a40e1dd-b25f-4bc0-8343-b184ab5adb7b,8d8ccc1b-d63b-49b8-be0c-f592cb0278bd,49966069-8412-4ac4-b0ca-74c2933400b5,Pune DC,843.1811667046918,65.48544648981087,778,303.4104891384282,Overstocked
d7cd41a3-c864-4b3a-ac6e-13dbfc95c23c,9807e2c5-ecc7-485a-bb47-69601fa16059,21874d43-f9f6-40e5-b5bb-93e1a17f3838,Pune DC,2914.9536826087074,306.72900275328675,2608,617.76259471438,Overstocked
2f1f8933-4f3d-4a39-b61d-ebceb03213f0,7131810f-60f3-4339-afaa-53a23ed35655,18d80526-4063-46ea-8dfa-7ef2ec3ff917,Mumbai DC,1258.4171072332363,316.0684490234884,942,867.7253019984744,Overstocked
23071dd0-e028-48ee-ba96-8f89e3044038,813ed45d-f31f-486d-8aa0-87e8f7756730,85a765fe-8a7c-4cfb-b79c-ee99c39d90ce,Mumbai DC,1726.6366998122007,708.5940032601894,1018,511.92931158930134,Overstocked
d03925d9-d6b7-46cc-b727-6c2a277125bb,42d1aa84-4d49-4a83-bc13-d0aa5410a17f,abb1e477-d420-44c8-a579-c61af98c4e48,Mumbai DC,2404.2245846370074,447.04547846792923,1957,529.8895035318287,Overstocked
34deaf80-3d0a-42f1-84a4-71c46bc38fb0,7aaf62e9-426b-4e4d-b2c2-5606599f21e7,c7254bc6-fa5e-4abd-8f48-35a5a9856b31,Pune DC,4502.111849519722,249.7241199743814,4252,81.39617008593675,Low Stock
4fc6fae6-1473-4c86-8c43-f64ebb7872a8,22a46edd-2b2e-48b2-a5ec-662f56e822ee,d4db1d08-f018-4f24-b89a-00c9f3271b3a,Mumbai DC,4576.255965280978,315.5107181566122,4261,557.3516757143777,Overstocked
1e1ed1cc-8cc8-4d16-a8c9-61ffe09f36d2,5a61bd6f-3218-4c92-b5d6-61383c52492a,9997e189-6de3-414c-9d08-a8a5e67a44ec,Pune DC,3034.8585403030374,31.163364626200106,3004,577.7775234834364,Overstocked
201cfc75-7882-4877-8972-7a101bbffc65,b91d479c-8eb4-428f-a97e-72707f86acc9,820f9653-2d9e-4265-b22a-0f283f1e0e7c,Pune DC,433.86631474926105,476.00964891095447,-42,726.8380221290904,Overstocked
ad224a9c-d078-4178-a6dc-369c68ecc96e,1ceb363f-9968-47e3-b682-2f52fa93d99d,92c8ff65-a7a1-4ec8-af62-20d6ae7aa96c,Pune DC,313.2791052427464,520.6562968493491,-207,253.64839982640123,Overstocked
86e6c95c-8da7-41d2-8866-7f62888d6a71,b7565bdb-6d45-4974-a9b7-0854a5a58600,fae62ac0-8755-45c6-b0c1-889ed5a593c9,Pune DC,3548.65403873052,132.5877487425301,3416,406.7854002266186,Overstocked
d81f4096-9010-42e1-8ce3-4272dac84bd7,db6e6ee1-ff9e-4139-983b-80903a940346,39a60198-1718-4e69-be12-540f116b5712,Pune DC,2423.829665464476,733.2529680595271,1691,630.7074423764972,Overstocked
5ba90c24-6f81-4957-94f1-f6a9246ffcdb,ea15698a-1fa0-4a49-a9b0-f62622b78f87,ab3188ef-48dc-4d67-86bb-8cb74b544b7d,Mumbai DC,1933.7611082531737,414.32431710860834,1519,529.1024490170943,Overstocked
9d4998bd-a3b3-457d-9647-21a7da31f502,2e0e327c-5c82-47d8-9889-4897ad943ae8,76b6a4cd-a4ff-40ac-8107-5e8a3b30b47a,Chennai DC,550.094401171514,711.644691314295,-162,997.0,Overstocked
6bdc2ed1-fb63-4f3f-88e2-1108836f6435,da67080b-f740-43a3-848f-aedfde9fe885,296ec608-e38a-40b1-a2fb-c5125b53f6d6,Mumbai DC,3440.3173273169805,512.0851077124584,2928,849.1984448135023,Overstocked
af72e8d8-4de8-45f4-a8ae-476b0e53b8be,922a2e0b-496c-4731-ba93-9afa053ecfe4,acc70ba5-401a-4cfe-851a-3714ee87f745,Chennai DC,1127.2141858115742,400.7256035538219,726,119.88402812472867,Overstocked
f0b17b76-7b58-4b3e-ac26-3abbfddbe974,da7eaa04-c530-4ee7-885d-e3f47ddbf5fb,2116ac0a-b398-4cf4-8bfe-36bee3e4ed17,Mumbai DC,4151.147380178647,481.25696138013217,3670,474.7045536279623,Healthy
0a90ad75-c480-488d-9336-f249d315c89d,8c742964-6358-472c-9767-b90d4ed956a8,4a85d842-4cae-47c1-8010-24160cfca3d5,Mumbai DC,730.0900713005709,337.4898180866614,393,385.54018940554624,Overstocked
a7b2f36e-e7de-42dd-a727-0535315deeda,7fd710ad-2749-4ef5-8e10-df61538f0345,f6446d22-b436-4993-9a60-e4a69dd464c8,Mumbai DC,2739.5742199683164,701.8610283395421,2038,348.06714811954816,Overstocked
9b2b567a-5d1a-4739-8f75-6991e0dd8d4c,3ba3bc93-8afb-4a08-bfa6-5fd0ea4f0544,2265d4d7-66c2-4eaa-a13a-4d1e2e9737ce,Pune DC,2275.934809169816,641.9073966586352,1634,763.07937780479,Overstocked
3e69611b-c4ba-45bb-8091-1d24bf58d51f,0dd20b9c-1541-4160-9c1b-a450440bffa4,70ba4ceb-e11d-43fb-9d7f-9b2f189ec987,Pune DC,3668.797135315231,243.18018908419205,3426,185.91471813474854,Overstocked
c32d496c-7ef9-47d4-b636-29ca8bd8f34e,b514c678-d685-4ec3-a68b-1d794390321a,c7650454-fbc9-4616-acd5-bfd7500fa737,Pune DC,637.4061806461307,336.8412466804037,301,575.5361229226372,Overstocked
d0ef9b15-12ea-451f-9ea5-1119148c3a8b,e0f49950-8cee-4258-b19d-69f79bdecbc6,87256d55-0892-4599-be5e-46e2fb5b80d2,Pune DC,1412.782909672516,793.4012988419252,619,232.31396066715166,Low Stock
f518dd55-e4a5-4e67-869a-957c221d254d,7fa4ec8d-a3d5-4ea2-a0c1-a5608b35fe49,9f645bab-8cdf-4d4c-830b-e3df790614f1,Mumbai DC,1795.1785736956374,248.23407406307774,1547,560.9748935995242,Overstocked
dd6e9b04-b312-4da1-bf5f-0d0b0119bf78,c6c261ed-c8f1-4bb6-9ab0-6c6c23567e42,82b3b1ef-b519-4142-bf24-7e756a4c1d69,Mumbai DC,3920.8717908911676,320.91216985826657,3600,538.6981780269961,Overstocked
b5b37f21-c20f-40c7-8e41-a09201c35de3,107cfc66-0d72-4123-8815-62bcb27edc89,ea9273d1-2782-4b2d-b02e-fdd712fcd12b,Mumbai DC,3518.44723547431,348.92552774295154,3170,380.76109751672766,Overstocked
24d0f53e-76ce-4f3c-a433-63b84c601b2e,6113392d-31b7-4c95-9bd1-15f1f73c7205,b24e7c8e-f5ae-4647-87fb-63cfbf78130a,Mumbai DC,3247.269397168417,187.88091538819057,3059,832.9140801258521,Overstocked
19927d5f-89d5-42de-b68d-998f2d4178ba,e6fc68f0-670a-4c35-bfcd-839f0934ab5b,8c999d86-9a43-49c5-9c1b-8e336587f4ca,Pune DC,2720.691221568375,5.722468486242824,2715,311.06820327255275,Overstocked
7826a4bd-01ea-4dbe-8d56-cfc5d34dbd62,fc861a13-1bbc-4fd0-83fa-f57ef7331ae5,5c3472c7-a17e-4a6c-88ca-129199951220,Pune DC,2092.0261137529455,233.9910437393071,1858,256.4040881922913,Overstocked
284e6403-c11d-4831-a4e5-a3e9d6fd88ec,e33eb968-3d79-4a19-9a41-c1bf8e22ad90,349e3a76-449d-418e-8c1e-c3b53eb483d3,Pune DC,4732.286287367081,75.5909114585222,4657,406.08531812120015,Overstocked
976967cc-84c0-4430-bede-a3570012a8e8,99b4b8b4-35ee-4468-90fd-8a491a25a525,96289174-b73b-428e-968a-bc0e5f72d598,Pune DC,1189.451827907585,657.5624791507299,532,106.54194698979089,Overstocked
8d428d1d-cd84-4926-8fce-5f141ec16ad2,d0e4eec8-3437-4825-a72f-b28a90fcfcde,76a7a79c-03bd-4574-b8ee-5c4c389d3a47,Pune DC,3661.882205429975,568.426248756479,3093,533.5290550107608,Overstocked
2aa919b1-257e-4fe7-b805-531a5b7f9551,c2489e45-d1c2-458e-8d93-d00e11e6110a,824fc031-e361-42f3-b9e1-f73b62c93515,Pune DC,1309.2952247108096,90.69316487842741,1219,635.4513767717087,Overstocked
3d1b8337-d60c-4252-8fcf-cfde6cd4a15c,f6c7432c-05f4-42a4-b63d-6fcc00fb8364,88874260-c226-4b15-bc15-16e1241da6b4,Mumbai DC,3166.8439547397415,176.48262129541646,2990,535.505663077618,Overstocked
4db01dc6-fe2e-44d2-bdf3-a9446de3e5ba,0269dfe0-0823-4b16-907e-78f1eed4bef8,d3165bb5-4422-43d6-bb51-50790f625b0e,Mumbai DC,1704.7444615909576,227.09904781777388,1478,762.0864813743477,Healthy
2c1178ea-6c24-4b60-82c2-9b5780776836,345e5520-7509-421c-b888-20e0da661d00,66f18865-c9d5-4549-947f-18251cdfa6f5,Mumbai DC,727.5680428599766,169.89640501513176,558,802.978429035612,Overstocked
2ffa5016-4548-41cf-82c9-dbc4db87d148,0f2514e3-d6f7-4ec1-bafb-c45b6c128aa3,0d458c79-b402-4e99-8b3d-d57de818dc65,Mumbai DC,552.8586400038856,753.5015539170565,-201,457.83215330304796,Overstocked
7ac7e426-c9b7-46a2-8b36-69fa3388c9ab,2e8c6139-25f3-4282-8fd3-c17b681321e4,57e8e75b-7574-4807-a1fc-2ce94060a1ca,Pune DC,3148.65023721071,66.05612033878505,3083,523.2765415039804,Low Stock
889b08f7-b91c-4888-baeb-951dfb28fc5e,92dc035c-53b4-4884-9f9f-54edb80365e6,9a42f08e-168e-4667-9f65-bb010fd03263,Mumbai DC,2077.1183362626825,361.55886590848917,1716,911.1226489029469,Healthy
2887652e-3dfe-4ab7-98b4-2e3efa2028f9,229d2fff-6671-4f52-857e-151bf93cf6e3,eb3197bb-e118-4b5a-9577-bb4b6e28888e,Chennai DC,3951.886132223695,632.8928565196194,3319,755.6680763123353,Low Stock
202605de-3525-4689-8002-9182531c5761,5c64797d-cb03-429b-947b-c8fb4b4e6444,7e047ebf-25dd-4e2c-bcf7-cdd4352112c0,Mumbai DC,1494.6966094250686,642.8739279448255,852,931.5900191723608,Healthy
23305341-beb4-4716-9833-e659d7be68c6,d1c2e555-f87f-470e-ac52-9b2201ca4c0d,4d1710a9-3ede-4c32-9512-fa2fe0caaa68,Mumbai DC,3186.659244764123,644.4760992112368,2542,975.3263708487654,Overstocked
940df833-f63e-4e48-a48b-ce71b84f077c,802fb52e-fff2-43e8-8296-1f805cb4fb3c,ce08e410-d439-4950-814e-7e324cf4e9be,Mumbai DC,2477.394043070249,253.86813838460367,2224,269.548492647823,Overstocked
01d904cb-0882-42ed-8a3f-68d5b1b225fc,998bdfce-9026-434d-9b2d-0a5a422a59ef,b6a2cac7-5754-4fb1-9887-08e2ec0b65b5,Mumbai DC,3238.866947791734,43.78424220112125,3195,763.8211796768468,Overstocked
68c1d53d-4dff-4d8e-8865-ed652287e9a2,cfe5c722-71b4-4886-bf40-d6536a83cead,db0973ea-7632-40c1-8ff1-77fa4922f9b3,Chennai DC,2907.011077770719,680.1603258368553,2227,338.2641365949833,Overstocked
7a1f4bd2-fd61-4ffa-8ccd-39f5b1ff0abf,907408c7-7ab0-4c93-8de4-f9fa139ca0bf,d1a4e2cf-7f1b-4914-8e20-3fa4a983d4aa,Mumbai DC,2718.3841069082596,304.91231558288945,2413,374.5326824559065,Overstocked
99e8e5ee-59fe-4884-a9fe-430c7a5b8378,47f9f6ee-9d30-4c21-bbbe-edafe3318841,32ea77de-8f3b-496c-9e45-9287e1504e6c,Pune DC,3356.2251000148735,197.14529924482753,3159,840.7212746631163,Overstocked
0b0079d0-7d7c-4d9b-9888-d6398911f9fc,bc73a843-f740-41d8-b938-f39c27e51b4f,f4965cce-fff7-4764-aea8-564dd0816449,Delhi DC,3634.155528478119,371.6017958031121,3263,343.28340222710784,Overstocked
6efc391d-2605-4682-b1e0-56ad9e5dbbd2,625669fa-81c4-4ff2-8c95-fc7c90812d6c,87ff25b7-a2d7-457b-a9df-a337cb02d2c4,Kolkata DC,4676.88136644077,82.81281133955547,4594,201.21297441251988,Overstocked
1fa8e632-74ed-4bb5-8a06-561c0180937e,0c0ab0d2-cc44-4d96-b6a4-f924c555ab85,b59c1c3e-4604-44e8-beec-5c851948ac71,Pune DC,2125.1606441871927,656.9441718657216,1468,287.14801429460897,Overstocked
993ff4d9-6beb-411d-8b5d-d7bddf2b25f2,e31bee78-80b4-421e-a2b7-63353c4a54ec,7a4f735d-6ed7-444d-9277-f302cf745286,Pune DC,3549.320693623972,253.8142198683703,3296,365.17739327764286,Healthy
be2701f3-e8d8-421b-97be-41e85e6999cd,4b50fcd8-652d-4e88-a31c-9fb7421e71e7,900f9a79-45b6-4303-8472-6a3c244a1c34,Pune DC,4781.500923237071,784.9804639621481,3997,128.3815222701613,Overstocked
2c671370-e898-41d7-8c85-ee82e7fdf3a4,c3782c21-6774-405f-861b-55e3f0cd30b7,5f2242ac-9f4d-4167-9c04-4e5fbed6a3db,Pune DC,1783.466511720308,701.407786765152,1082,932.9389635760843,Overstocked
7bffb9d4-7f8b-4b4e-b8ae-14a7222118a7,a5a620d9-3a1c-45e5-810a-e2d14725664e,4d0a1d88-64b9-4011-bc7d-d0d3d5e3f366,Pune DC,205.4183385160783,521.9450001850056,-317,374.06082970701175,Overstocked
32cb3d4a-ac2f-480a-a7b3-fea87b0852a0,8f6f63dc-d583-471b-b866-eba6c02bbf0e,157d178b-20fb-4b12-b217-eadd7dcc5558,Mumbai DC,2052.749815324963,338.05188343357537,1715,367.26045937292116,Overstocked
0db0a10d-8bdb-4158-866a-abe3993b540a,b1bfbcc3-65bc-4874-a25f-5afa3539bc7b,375e0051-1524-40c7-af03-42081e640b68,Chennai DC,4999.0,270.8837640948113,4728,273.0297819889009,Overstocked
11342762-5776-40be-8662-42824276e05e,40cd9cad-e0bc-4dec-805f-0258f27369b9,7deab76f-cf5b-4508-a0ee-b239b3600fc2,Mumbai DC,50.74366818826188,748.6190825093481,-698,791.8443885468915,Overstocked
deca34d6-9484-4726-b537-babce6a50eaa,05768098-e5be-44e3-bbf7-c6768be3e5e2,1069e7b8-e433-4acd-a1fe-35838e38e2b6,Pune DC,555.9917926604286,123.03160592013862,433,469.410008047027,Overstocked
85253d5b-d8d6-4250-a28a-bac0643ec442,ab672a35-320a-4438-a16f-c567d1961d9f,018426c7-8778-4a81-bddf-34dbf0db59df,Pune DC,3223.3672269123485,113.2139544588745,3110,979.7607475135618,Overstocked
4aa4a125-cde7-412c-b4cd-3de36400e421,4e7e1261-ff22-47c6-97ed-7acf3e5d44b6,75702c64-7fbc-43bf-bd1e-f477ed8008c6,Pune DC,2052.442768895752,348.41068560612285,1704,757.079318453177,Overstocked
6b675386-fc51-4500-88a9-4710aa21fd6c,299093d5-3bf2-4a73-9df9-d881b7961db2,f7105371-1057-4698-837b-78ddd14d88da,Pune DC,550.8669726159757,130.2187356842423,421,539.700758063554,Overstocked
deb82278-8150-4702-8430-b6fdd0276934,e9107815-4dd7-4c66-a277-504f7daadd77,58c9ca9c-e20d-4c35-afdc-bb40fa4e4dc9,Mumbai DC,3601.190066788648,309.68036382665537,3292,160.83351305927928,Overstocked
a5d1ccfa-fc09-4b98-ad8f-d12ee1383970,5147d8b5-d952-4af6-bba1-c9310d54bc55,c1666ab3-6119-49a2-b57a-33d58de24b96,Chennai DC,3305.76712289731,272.12851065690137,3034,529.5765368904022,Overstocked
4f33cbf8-732c-43b8-a0b8-8dd1f730e07b,b9963d3c-aa80-4bb5-bdd6-282dd8f5827c,99275083-a735-41ee-ba9a-d44720cf8637,Pune DC,1125.768865613369,151.9914034762586,974,811.0337872583119,Overstocked
821be170-6963-4bd1-9330-26f26d892fde,91289c8b-e9b8-4b7a-bea7-dcfd16216c10,d616f6d7-c239-42c9-9ec7-8a6070032a8b,Mumbai DC,321.6591732250248,7.476026483099327,314,571.8626875754511,Overstocked
1bc33480-430c-4004-a0cc-3d057d95c045,3bd9d77c-1359-4c18-865c-95d8596e8810,de748494-7ccd-4876-a4dc-8d5a2e6f9d56,Mumbai DC,2467.3483834309245,176.8114334959971,2291,392.54486079209624,Overstocked
63bf0f5e-a065-44e2-a38b-1ca763845acb,3b913900-71e7-4d9e-943b-ae429dce90b5,acd8bcae-b04d-430f-a273-b030464e9295,Pune DC,1994.4082764159075,274.3966272072142,1720,807.2899987743197,Overstocked
4eb61cf4-35a1-4f43-bed3-15aaf524874d,af09dc25-f933-40f8-93db-b53ef126e5d3,250d7874-c958-4bff-8dd4-6469594d09b0,Delhi DC,573.4085585476888,556.0391214863271,17,308.58079435132055,Overstocked
36245009-fe07-43f2-b5da-c4362d9952c7,6b4df4d9-21ba-4ad4-ad89-4a0b4c2e78c7,f16ca004-4b79-47e5-8924-5ef74006468b,Pune DC,4762.43625524142,749.6057120961793,4013,908.2256637921477,Overstocked
c785bd97-1e22-41a5-a839-d0ca27d407ae,699c5e87-1113-4be3-b31f-fe59dd06ce45,d7f0aa30-b8df-4a36-af7e-079511785e2c,Pune DC,423.0008855097822,55.962532122931414,367,74.28422871111329,Overstocked
37e82d46-2a92-4aac-b4ba-9544861bde93,1579c27c-9a5d-4f6f-9703-b02686b1bdbb,b27e6d0a-a55c-4302-b11c-5be910afdd83,Pune DC,1126.7254853338993,339.3247754210331,787,686.6738085160889,Overstocked
4769309d-cea9-42f4-aa5d-bc563d4e661b,0e022db2-77ea-48f2-8726-f65fbf38fe83,22904b17-942a-4a19-90b9-51ee3265c0c9,Kolkata DC,4516.72292721919,49.164938229378855,4468,238.410435436948,Overstocked
0b68b5d2-25b7-4c13-bb01-7d1171e5e3ad,b7271dde-848f-451f-82f8-be7e040e59b4,59ebb8ce-876a-4270-9c3c-9bda57ef8b33,Chennai DC,4634.178646597893,389.1645837234917,4245,927.2928162920798,Overstocked
6f55154b-1295-4468-b5d8-8214b0285b4e,da7312b8-0ddf-42ec-814b-1ddf0be2ad81,fc741d39-bd56-4395-bf73-9cb2651a9494,Mumbai DC,861.7247111682275,130.93329679974624,731,678.6412628057863,Overstocked
aa821866-d716-4e35-9d50-1219f080d4f6,12a77130-acd2-42f5-a47f-ad439144b798,7aed780b-10ba-4de2-bfa9-03d094188633,Chennai DC,2801.4520928987495,246.37777302919082,2555,504.29969828526094,Overstocked
5961d623-7c3d-42fe-ad20-d2e194423ce4,310d50b3-e01b-4b26-b7d1-490a552bb16e,5b51bfd6-d84d-4d26-88a8-aeac30f9843c,Pune DC,3260.743264346403,468.97065851671937,2792,972.7590493788093,Overstocked
da788a30-2554-459e-923d-1bed5bfaa96a,5c7bd3d2-b7fb-41b7-b053-cd7f164fd46e,e020653b-9a92-4e4d-a5ef-b66da31936f7,Mumbai DC,2026.7705933982813,786.3587412021167,1240,340.71867317952353,Overstocked
b46081f7-5d0d-4bdf-8920-6e8f2ec2409b,4e5af38f-c7ed-49ec-97f5-6ed9bc0f1380,beeeb25a-d541-4af0-b5c4-a32372508e2f,Mumbai DC,3805.75239563983,91.41225525298249,3714,511.76738042956805,Overstocked
9a7944e3-569b-42b7-8e31-0059f8668b54,72e03f9f-b736-4bb1-9e6a-7b9cf847aefb,49e90447-320e-40bb-afe8-da0322deaf5d,Chennai DC,4999.0,88.51235210960554,4910,749.206166885902,Overstocked
20cc2720-4bf6-47d9-8efe-880b6d5536aa,c8a7dea9-e0e7-4c47-9508-81a8e4be693b,28619db7-07df-45fa-9291-e64592c47bc2,Kolkata DC,525.5297521781492,215.90359459567665,310,281.2511118121661,Overstocked
b5e6ddc2-8321-40f4-badc-0d0623cbc424,736ff695-cd8f-4292-9d17-e8accf032497,8430ee76-5ec2-4f83-912e-429f25ac723e,Mumbai DC,2295.039053592876,776.4315697465004,1519,745.9952492276607,Overstocked
3bdc9eea-4780-4447-9da7-c0c1779bc548,194be76a-4aa3-4bad-98e9-02de03654417,8ee6990e-75d6-4c41-95dc-3558e7ae8c6c,Mumbai DC,3842.7040515441504,687.8604370901548,3155,102.84063354584806,Overstocked
6b59c336-4a85-4eeb-918e-7210739a60df,b6581987-66d5-4614-8f57-a66dffccefb0,b8fe24ff-f3c8-45c5-939d-4972d49a4b43,Pune DC,4970.282212164923,224.17257818333724,4746,942.5282929210267,Overstocked
44d1edd5-1fb7-4957-8fd2-2cbcd5772928,9188f414-d7cd-41e1-8f95-989ee00d43e3,bc8badbc-7549-4bad-9cec-ef155ab3740a,Chennai DC,3881.683563390895,358.6525674279305,3523,90.01987029309602,Overstocked
b14bdc92-80eb-4716-abea-352149a94856,025836bd-7926-4804-bde5-0bc9dde140b4,885a51f6-7d85-464a-9c78-083437d6e552,Pune DC,578.4351106807718,10.946540916935827,567,830.5242686428581,Overstocked
4c616d2d-f5c8-4916-8f8c-c0ad62c3ef4d,842b3f52-841d-48a5-b2e8-2b7e4b570d36,4c9aee18-1383-4e77-ace6-0e41d320c281,Pune DC,243.8878846285995,101.24455526475776,143,534.9679182135393,Overstocked
de1bbb05-34c2-46fe-a31e-e23875ad68f8,2894d15a-ad9b-47f9-9d05-ae98b09e88f4,16fdbeab-62f6-43a2-864f-e9cd8bdbb859,Mumbai DC,2778.6406081008104,335.5497100302298,2443,798.1501467960934,Overstocked
0649e7e3-5258-49b7-ad26-d3fc01f26d00,2b7eb327-268b-4ec7-8d7e-1e63182f8d86,ae6489b2-b5a2-4062-abac-206af1a04110,Pune DC,348.4304985084095,679.3247184809383,-331,241.0757132372763,Overstocked
962dab62-e564-4bfe-b47a-fb636df3f245,014db982-a8ae-4230-9f1e-5af598216643,69301163-ada8-461a-88b1-9b72ac69c110,Pune DC,1206.137670269737,329.7038887992624,876,129.32468160335014,Overstocked
4d407b54-6164-4b32-b70c-e132046c4cb3,acb3e559-cbfa-46ac-9adb-591a7ea55420,7c618181-6963-4606-bdbd-7305cf910223,Chennai DC,2436.934140421352,223.18204826862177,2214,611.7521035727289,Overstocked
44574b83-6057-4cbc-a94d-22fd46e8e84d,eee015ea-786e-4a2b-b61d-f45bdfd0bddd,c78c82b2-90b9-49b2-bb0c-ab9e32a7fe12,Kolkata DC,3971.6542520555754,144.7024994434484,3827,496.8241350832915,Overstocked
b0e5c0ff-389b-4a61-9721-b2389929fc14,0c60ec45-b507-4f0b-b185-2419659e8dff,4156e724-951b-46b6-b775-ac5a8bd73e08,Kolkata DC,1896.847238382365,347.78301647553195,1549,572.8637138153625,Low Stock
d8ad164a-5e82-4046-ab25-bab0ba95c03a,b5c55551-2d4d-4a87-805e-b8ee266d9702,c4af97bb-8d78-4c2b-91a1-83f9157b6ad9,Delhi DC,4866.844682327531,518.4873928803369,4348,463.1569147098734,Healthy
8ba06de8-b99b-466e-892f-992e1e5c3e5a,1d279130-6800-4547-9703-5415783d776b,b4ed6137-a644-4ac5-8553-1a0894f85c9b,Chennai DC,530.0984723182514,634.4174516622141,-104,587.0252911895423,Low Stock
b91e5e45-702b-45f8-aa5c-ef770b1e93ab,8a7612eb-2a00-47fc-afd3-fbacb920bd9b,b2c44eb1-38e5-4df9-89d3-49ad50b33a98,Pune DC,4821.233122947116,103.10624098512062,4718,695.6794459600779,Overstocked
088ec278-231e-4a59-94cf-5d13dc1b3697,2580d455-4a84-43ba-aac1-5120390cb895,a3bd4760-7ec0-48b6-86a9-a11354f0094b,Mumbai DC,1538.3677636126508,640.6490105805933,898,728.0789186715828,Overstocked
f2666243-c5de-4102-ad70-3f94b359202b,8927700a-ed74-496e-805a-a6104f371de9,be2e72ef-cd4a-4189-8aa0-0fe8942a112c,Mumbai DC,828.1618943971268,679.989923863388,148,524.3059497660017,Overstocked
dbeb1172-2ee2-47ca-ae27-ee6bc3edfbfa,d118b8ec-7fd7-482e-8a57-be1503c4b659,0c1cc5ac-f864-4a95-a9e1-6de1d02f8496,Chennai DC,710.3282202356314,18.468168106182368,692,347.4112706672848,Overstocked
2db01de7-602c-4bb1-b8c7-3fadfc6c0a4c,b6694eae-9e7c-4b27-8866-3dbfe265378d,82c194fb-4708-47f1-b899-d1056e2454aa,Mumbai DC,1046.7742048325883,252.12588245603138,795,459.8759047345241,Overstocked
447f9f39-c2f8-48ac-af20-a236f5064c74,edf4654e-9775-4ea8-8e6e-1b33c1bcb1c8,a03acccd-7c55-4ce5-bed2-2953eb468abe,Kolkata DC,2443.7209211441377,701.5808348663336,1742,114.47666838091781,Overstocked
ef44fd1e-cdc1-46a4-b303-147c7988c47d,fe87ffbf-cb43-41c7-bf9c-cdaa86933346,2d9f74de-31fa-429c-a8bf-7e59d010d0d8,Chennai DC,4995.520292230584,755.5136329819464,4240,848.7037744617224,Overstocked
d3799f95-48ae-4867-88e2-cac1c2d75c5b,9dfdc02a-fec6-4af3-afe3-5ce6041b4f4a,dade4ea5-91eb-44c4-811a-8c3543f2461c,Kolkata DC,4952.745277972916,118.48625040333543,4834,440.6757205187403,Overstocked
8ad6fd00-a675-440a-bc7a-4920927d2fd6,4b133ffb-042e-4c85-8382-43bd7e0acf68,9a20a4f2-1917-4ef9-8dba-b4688a538586,Chennai DC,1931.6512791707985,186.08277264219444,1746,967.2548229642902,Overstocked
18b66b0d-5a67-47bf-a815-cb3c5f9706c4,0b65f0ef-5a77-409d-a54c-f16ed6b1010c,0c4757bd-e26a-4063-be68-7e71ed301f49,Mumbai DC,3297.891229537611,158.0279492122006,3140,283.3599685761679,Overstocked
e954023a-4d3c-4b2c-8d60-a5e2db1e9b75,4c164a32-5a49-40e1-82ae-182591a39022,c1e59e19-9278-41a2-a99a-31633f556cc2,Mumbai DC,4440.0120371625835,554.0548487193264,3886,209.7035230864328,Overstocked
dc0cee60-d10c-4d3f-baf9-feba7fe158c7,8060bef4-efe2-4888-a65c-7fdc21a99948,2de57d3c-bc2e-4f6f-965e-1c051554acbc,Mumbai DC,4903.641134434111,4.734358974447781,4899,187.52832071451428,Overstocked
76328a5e-56f7-45c5-9ff4-dc0294ff4849,093c345a-0084-4af1-99c2-b056d2913ead,fa08373d-95cd-4499-acd0-55b56d4684b1,Pune DC,1425.4866629521161,757.5192598458564,668,267.63597722484246,Healthy
7333a6b1-f21d-4d2b-a42c-536b5eb48af5,38ed200e-a4c4-4421-b8ba-aeb24d9b08bd,ab564781-c05d-45a4-8ccd-bad714875b12,Kolkata DC,2465.4160218455454,36.55031029649257,2429,483.2983789472035,Low Stock
7af33323-222a-47ab-99e1-85298825b29e,3bb053e9-50f7-4ad9-b472-00edc58434c0,7c86727c-c279-44cb-bf32-0a167567e126,Chennai DC,245.90972357641164,209.78537007154557,36,596.2078810143634,Overstocked
cc15a972-8d42-48cd-8a69-a38541de2498,f2ab0f1b-ca92-45d7-8b02-202b86411453,1dc0b3c5-c590-43f2-b925-e1cad4bd9ea8,Pune DC,1713.2856709303305,566.2403961697605,1147,656.5371612296105,Low Stock
9475b152-0525-4137-9133-bc0e484f37c5,6a0b8be7-e33d-4f3b-acd0-4b2fd85cc2fa,bb693c1a-4598-475c-9f6d-1b6017cbc2b6,Chennai DC,2209.836101368811,698.2008830287418,1512,546.0219141266408,Overstocked
64337db7-016d-48c4-867b-67fe2bf64d41,b33bea80-cc9d-44a6-bb99-ed2a02b04fd8,5f8ce867-cd14-4090-a150-d59235a7f38a,Pune DC,2480.015164204003,621.7377358177331,1858,443.6001861135086,Overstocked
51bca270-c399-421d-912b-1d4c40675c16,86dea362-a9b3-4754-a72e-08885bcab7e7,e367130a-444c-4887-bbda-b262e320b195,Delhi DC,3132.1286302241433,151.39235280009908,2981,666.0176529510455,Overstocked
e89726eb-bb2d-48ee-9675-8f8626c221ca,d7c0c093-e802-41cc-9f6e-532a509c6505,4d5c70d6-7d6b-414e-a0d2-67b33752fa15,Mumbai DC,645.0010169841396,701.3510818653325,-56,301.1676951106471,Overstocked
c39f51e7-bbc1-4778-b49d-380c59d3a347,39c6c12b-8c96-4d66-be3c-da2d3225bf34,948cac0c-1e97-47d2-b765-e56a5d662c2e,Pune DC,3487.649257415319,49.895744411766756,3438,917.1181484899388,Overstocked
38a91e19-1610-49e6-8e63-efb27af7234c,44706dc2-61f9-4fde-bec6-1458c3244e71,6624891a-d7a9-4f6c-91be-eabaeaf93143,Pune DC,1748.7844763378037,312.8473256389077,1436,478.43475636467315,Overstocked
1c6dba78-b3dc-4c38-b223-bf3e6a0932b6,1430af80-9a1a-4ea7-953e-97202c3a8fed,38b44356-e24e-48ea-b0f9-d36fc0e45c34,Pune DC,532.3341843535858,96.59662679639315,436,116.28835860260115,Overstocked
2b0413c3-42cd-4071-9852-4ecaddc5ef23,18d9358e-45fc-42b4-8429-2e1bd0866449,a39e7812-1d5a-4bb4-93b7-c8b549540119,Chennai DC,3190.1729540063684,686.1201753043382,2504,509.1675980336209,Overstocked
b309c170-b11e-47c2-9981-9d4a3e243b04,d788ed9d-a17a-4689-8f38-4681ec51468b,1a5c4007-c478-4768-87a3-9d936d24dc0b,Mumbai DC,643.6054768325201,464.0960023569877,180,273.69084593768133,Overstocked
a2c1c3f5-e06e-433e-b671-9d918dee00a3,0fc2c88e-4289-435f-9a46-fafa4f1e37f5,f276fe41-af38-42e1-a124-c40c99cd1b5f,Mumbai DC,1977.379363585447,350.7814799852105,1627,507.57229658694337,Overstocked
4c56ef75-8c31-403a-a1ea-9d0750d2522c,a04ce410-1e0c-4671-a8a5-d7d7ebf7ae1d,05b478fd-5156-4826-80f9-775fc7506945,Mumbai DC,2582.3257852716056,137.01399671885304,2445,206.9451286399551,Overstocked
1804b105-be9f-4934-bbc1-9f93a7c3dd28,4b5943b8-a01f-4eb5-ae94-95b67f86213f,d49b7700-ddb9-46fe-81a1-409e7eefe245,Pune DC,2370.8745610680003,173.38975471533362,2197,88.7729513181539,Overstocked
9a583f7d-613a-469e-b070-af6b3ddd45f2,bdc114e4-e6fc-4b19-904b-8e5580be3652,1ddf2e84-16f0-4a42-acbb-439adbb15b38,Pune DC,2335.3090622106497,289.09217111386533,2046,832.6710652548421,Overstocked
9473aa04-24af-4450-8dc8-0e67f1d36e9c,9b99e705-1199-4892-aa22-8901bda046df,8af3ec0b-5d1c-4eed-9d80-7cd659b9abaf,Mumbai DC,3905.598184754374,320.20179886469936,3585,651.7339956180596,Overstocked
c0ccc316-8dfc-40e1-aac1-7fdc3bba7111,d96d4019-4751-4693-81a8-079c51b5ff1c,bc955b63-72f1-4caa-8e7d-617e23cb4e67,Chennai DC,2410.8691009474323,291.83528300022436,2119,384.3434068990927,Overstocked
dfeac98a-6389-44c2-a056-35e0d990ce6a,581fa44d-ffc1-418b-96f9-8c23475db3e9,1a7c4683-86ba-4e27-97fd-036afbaa9724,Mumbai DC,2177.0903252797852,412.07129437360567,1765,275.8317715426872,Overstocked
f8018c27-25b7-4055-8fa0-670e8bc4d816,07026434-8e8e-4718-99e3-cea302acba4c,ef1d55e0-79cf-4f09-9458-9a2a3fba7062,Pune DC,1053.415807009609,145.0876536922641,908,455.3478449327023,Overstocked
6b79e879-97e8-4497-9c89-c7f35cb82d9c,0bdfb629-70f2-447f-8746-db021fc25432,eefc4450-6ac5-4f20-8c9c-3c5178021214,Kolkata DC,1456.3210270715733,589.9057654083438,866,707.0636887935881,Low Stock
be4bdcb4-2265-4001-9d0c-1f81522ba9f5,a26a75bc-db8b-42c5-ad17-e5d6702776b2,2f9ca350-afb8-40e3-b838-e06f8de13bcc,Pune DC,1797.513384082894,66.29196800347684,1731,127.54679527377155,Overstocked
13631a1d-1882-4b0b-bd4f-c76c6bc20e32,546721a5-2cbc-47a0-bc4e-45d7f91f1592,00b52b89-859a-4781-91e6-80164da11a52,Pune DC,752.7710831598633,309.19255903992945,444,450.9508739473848,Overstocked
4ba32177-2ff0-4096-8b3c-2103dda04b72,25af8a9e-7b04-48f3-ac65-2aa1d702fef1,09a2b20f-c0d7-44b1-81f5-568f7040ecd1,Pune DC,3894.4538634563332,199.99312822932774,3694,211.7448555199424,Overstocked
292feec8-2d9f-401e-972f-72e56f8abac8,fa07a584-ecf3-4f45-9d94-5c3635095b24,371aa6f6-b28b-4aa9-a0f6-47f4fbfd3a22,Kolkata DC,710.8012715255652,197.30579389873716,513,311.8401168104972,Overstocked
b141d2e1-6ae3-460c-8231-f4434f7987af,70dc0a0a-2bad-4fc1-b446-4fc7fe4a9c9e,a927ae00-04a1-4a76-aff7-77fdd8985cbd,Pune DC,4968.240607373488,533.3602054976756,4435,523.4353091387865,Overstocked
34281e35-3209-4fb9-8e15-5cf62c3d9d1f,21fca073-4a26-472e-8184-46833b0ec487,1c3da05a-10b0-4b92-9bfe-f8eec720a446,Mumbai DC,4827.659826766648,318.99228968573254,4509,608.0056306894407,Overstocked
afda656d-084e-4dd6-8044-6717dc97311a,58f6f7b1-d687-4f03-a4d2-831449d72255,a54721ed-cd1a-4f3f-935f-d9445d43c0e5,Chennai DC,1444.459294114786,55.97282368457465,1388,871.5333219083899,Overstocked
b71952c7-64cb-4ff6-bfa2-8eb9313ed819,4fe59fc9-37dd-4f90-9a7b-41807f83de02,af0bbdcc-b0d3-4001-9f6f-24f8f9077991,Chennai DC,4076.1812168689235,151.14270405122727,3925,218.4064827085533,Overstocked
f2ecd1f4-ca1c-461e-a387-2fb4117d267f,8b940521-2865-400f-af85-0ccdb2b2d90e,63acdb92-3641-4b54-a6ae-5a840aff9166,Pune DC,4205.261865521862,410.94161597290656,3794,812.216408004906,Overstocked
60013ddc-2bf0-4db8-8e0b-a6edfe64aa48,57b2bd27-9544-4c46-ab8e-c6f16ce5c4d1,7a7a9854-9d54-4be1-940f-90990459a128,Mumbai DC,4677.290619842696,629.8759375776821,4047,870.1780775166864,Overstocked
4930fa98-4067-41ef-91db-708d658d7be0,2739580c-45ea-4716-abc2-c60c154f7622,3525ee1c-83d9-44f0-a506-82323212d1fb,Mumbai DC,2427.8937355175785,484.33618969676445,1944,724.5777063070508,Overstocked
1a04ddc7-3bfc-4b34-8d31-670b4dde222a,2a81c476-1670-4b20-b247-d6178d24be03,477b5eb8-a93e-4c91-9033-b611f29fd722,Mumbai DC,805.7716723781592,703.4259401978495,102,183.9172303812782,Overstocked
592d2226-a341-4fc5-aac2-df48058285e3,457d619d-efa5-41a4-8655-83457c390648,1e09a5ea-c45c-49d2-a6e5-7bd20ad924ce,Pune DC,1501.0364564852653,392.6997980972794,1108,538.1320604676812,Overstocked
1e73eb68-9594-4779-b2b9-84862aa87f4f,c529ed01-00a0-4997-90d5-7cf38379b7e0,9443d61b-a07d-4086-9ba2-91e2b964386e,Mumbai DC,832.2712477481583,632.5409313307995,200,471.0399777306707,Overstocked
7049aa01-28c6-470f-b45c-5afeb3cc07bf,b16b58de-e6ae-4fb7-9661-af2fc529ab45,af3b0605-7c0c-4b8b-a909-caa9c3430a3a,Delhi DC,1567.621498266459,729.9460289918006,838,87.77524614719292,Overstocked
196e0b25-3e1a-4cba-a962-a63932233f01,2f49cf01-88fd-4199-922c-eed6eced4322,402501c4-8279-4b28-99a4-aa8cc7c2e66e,Pune DC,538.6111012370475,138.11077210291447,401,170.32252144634674,Overstocked
0362b309-afdd-4c18-8c1b-ebda67a5736f,7d64cbba-e5fe-4c39-b23c-7731eb3179e6,1651910d-1146-40b2-8980-629efc94e794,Chennai DC,1089.9540470787724,484.2372289395036,606,182.816391166729,Overstocked
9c8a034a-ed0e-407b-802d-673ee2578f26,d0680fca-b615-4731-8d05-f3e6b358433d,8d459c93-650e-4dd9-83f6-756efc598f29,Pune DC,30.315299420180924,524.6043611055509,-494,515.354627267635,Overstocked
a58429d6-0381-4c6c-becf-d70a7adba62d,b8b184ec-03db-4a4d-af1e-d3c43795df0e,f918e9f8-7e50-4d8b-a743-22e1b7af72cd,Mumbai DC,4911.261515007161,334.7898936154856,4576,50.0,Healthy
1bb42c27-7ff2-4a24-95ac-8f91be33096d,5c66572a-4814-4621-8abc-1d635fad2cc9,df01fe12-b6d2-4d94-a3c6-1cff1d80fbd2,Kolkata DC,112.19248456050794,215.22631186449732,-103,505.7080956250801,Overstocked
9b46da99-ce27-4de6-9c6f-e2dd75456bfb,eaecf0bd-15c7-45ae-993d-254bd9dd4afc,a6f932aa-9317-499e-9fbc-8559ffb820b1,Pune DC,1134.4142627222084,124.00063201475864,1010,519.0929217618924,Overstocked
0475587d-d0ca-4622-a224-383445f365b9,2eb14085-9640-4c83-a605-7c18aef1af48,c959f81e-2d2d-451d-a942-001af7af9539,Pune DC,3746.8755765868086,347.389093082959,3399,235.84250272099112,Overstocked
70c912f1-15be-4037-973c-f3a58179120a,75454008-7115-4f70-b9e5-54383b7a0737,8c37b441-6064-4f6c-a195-a97089331c13,Chennai DC,1155.8836136679065,6.808335650619568,1149,708.4642561770148,Overstocked
4769a9e2-b039-400b-afb5-6d6e5b484a53,271afd6d-30df-42b0-baba-ad49cee7bc37,581ac16b-8c5c-41f6-a819-14a1fc5e0719,Pune DC,3408.0160757678136,782.7993736603228,2625,348.0743665945539,Low Stock
8d382cf4-f420-48f8-8692-f5f19d163280,0077c43b-8279-4d98-9dc9-a1df1b689e36,5dd987e2-8137-40ff-a91c-e1470c066664,Pune DC,1124.4307743657394,713.38546692249,411,835.1452885515732,Overstocked
1f700afc-9990-4631-875d-67d16c387f80,d2677218-7154-430b-a0d1-f14bcf51ad9d,9fb55ce6-4096-4a3d-8ed9-7292446e2222,Pune DC,2935.2316831140397,721.5500196555605,2214,368.9947108573448,Overstocked
9a71c196-61f0-493d-b4a1-fc991e71d451,23cfaa19-b898-4c0f-86fc-8dbbf31f8e48,e295a7c3-d313-4fed-af01-3d32e29f2c5a,Mumbai DC,1407.992689543324,3.0,1405,69.83667625207323,Overstocked
123ea542-a334-421e-b4f5-ef2a98433d7b,b0422696-41e3-4166-9f0c-b36d46b8e25d,d8e3f4b7-87ad-4bd7-aff8-70bec502f975,Mumbai DC,436.6970660983238,411.11064741520636,26,582.4102736273845,Overstocked
6de5bc91-6bdc-49ab-b794-0ad0d3bce40b,8343c96a-cb9a-489f-930b-5aa2815b5acc,aba0df99-b1a3-44c7-a54d-27875e8910e1,Pune DC,3495.535798782433,17.50366203141984,3478,144.39055592005334,Low Stock
788dc0b1-ebf1-4218-a9d0-6cfb8e35065b,e8553979-e495-427b-93f0-cf5b25465872,a3ab1542-ff1e-4263-8c96-8a0a328542a2,Mumbai DC,4943.323772588131,48.47495088305382,4895,432.9049117196244,Overstocked
585b80ba-279b-4a26-b228-0498f1c939c0,9c5e44f2-c0f9-461c-87be-0a5b5076fb75,19660cb6-ec20-4c19-8945-a1b2d03223d0,Mumbai DC,648.4805307965606,222.44810968477034,426,986.0834362070045,Overstocked
e1bee3c8-1b39-46c2-a92a-2cda555511d7,d7bcf0b3-daf2-4ad5-95d7-f496e165b096,b8177d87-fbc8-4cae-9d88-6e79b8675862,Delhi DC,2521.1202430247076,407.5614723026006,2114,128.74594298513318,Overstocked
7e4b9505-e61e-4101-b864-8b99dcf717ad,fd608494-3628-4fc1-96a9-bd0f8d5517f1,3d408a0c-be54-4892-b4a0-40ed8acfe65d,Chennai DC,452.53795186050365,646.3829770048635,-194,409.162422617131,Overstocked
202c0efb-3e37-41e0-a15a-58f489dce7ec,cf78c159-e7d5-4b1c-841e-182f3aefaf87,f068d755-004a-445b-94c3-c93257390ade,Chennai DC,3237.5767074451746,505.61235396728415,2732,101.74079458655987,Overstocked
29b4cc10-5dab-49d2-986f-252804188324,e22453e9-b21a-4ee0-b621-0158df9c0499,dd62da44-c990-44e0-86e3-d9f346464458,Kolkata DC,2265.3978866720686,438.8414955090048,1827,586.1715906193957,Low Stock
d13e1fce-14da-427b-8629-db739375b76b,7d2609fb-7fe7-44d8-afef-43b070e58aa3,f4172bf2-b4e9-4ab4-b390-bd844b35b3dd,Pune DC,4771.30130128547,604.2214990680119,4167,887.1741517381424,Overstocked
60b6b283-e810-498b-975c-34fb3b6e6bf5,69e2050d-34ce-4bb5-8f5d-5f6829a717c4,9698a0d7-78c6-49c1-bb6a-8ad6c89c140b,Mumbai DC,2647.514936454419,588.5096426756098,2059,213.66285888724548,Overstocked
ebab46dd-04c0-4dfe-a440-54d7565263dc,f2ff6fc9-62e1-4aae-9182-2bde0b345256,94bf8802-8a0d-4f02-b055-bd990456bbd6,Mumbai DC,4568.7154356310675,566.8186038869223,4002,316.69872365835187,Healthy
c873c4dc-5c66-4695-85ff-d0dd71261cd3,0feb5005-bea8-4c49-85a5-2cae1b9a007b,7aa82697-737e-4773-9bb5-7ed7c99e7482,Mumbai DC,4448.507612784472,267.6047564812112,4181,878.2167535797597,Overstocked
8354c4e5-61e9-49bb-ab92-8dc42f23ad62,e75f992e-8229-40cc-bc56-1eb06b76732c,3543a1c1-35d4-47d5-ae48-cd04bbd980b3,Delhi DC,990.1397651119634,103.66921954202576,886,984.6212091509071,Healthy
769890c4-efad-4052-a2f7-21b6a067087f,1ea7b17e-7565-40ca-a96c-73ee2aa6c1aa,b9fcc6da-dc2a-4c45-b59a-583bd8cc7643,Mumbai DC,2703.42298759566,62.6149169231888,2641,764.2292141216677,Overstocked
834a61f8-ac73-43e5-93d5-65be96f31098,2367802a-b361-4655-8c9d-6ef3af1d9db5,ad7e1cdf-5260-41b0-a873-1b1fa56aeafe,Chennai DC,848.0829757822455,185.56608141455516,663,500.4548093765885,Overstocked
b4c94d83-8a5e-4a42-8bab-433c6c0dcaa3,c86b700f-b37a-4665-b790-cea369685832,5d3bed83-85b3-4bf5-b0e4-94a0725783c3,Pune DC,1642.7517376956287,750.9788672972346,892,202.12219431516138,Overstocked
05d6ea59-c272-41ec-bad7-d205786919fe,3ab6b3bd-e81b-41b3-8f07-3672f91e34f1,026e9808-2a46-487a-8c91-41e807b0d1a4,Chennai DC,4194.243645701396,342.23316452326355,3852,675.8155704466553,Overstocked
888f88a2-d40e-41c3-9de2-a07c6fafadec,1560a97f-3e1f-4fe5-87b5-76fe8645c6a7,9efa2860-53d4-4c1e-b208-77226f1b21ff,Pune DC,4054.1607817555723,247.99355104878597,3806,51.519191730562184,Overstocked
95167313-d155-4d61-a192-32450c782304,914b6dfe-228e-4ace-8ce8-217b1c8c4e54,30adc71e-3e66-46f7-ad74-835397b82ec0,Chennai DC,1091.846702281289,369.35780829195176,722,672.872640945845,Overstocked
d10a8b61-c1c5-4639-9f7a-d56d000e6148,029bd3ae-b0b5-44fe-95d9-68d629a0af65,adb4e828-24fd-42ec-a4b5-e176c3eacc9a,Pune DC,4122.889464594548,46.232430093008794,4077,330.11353575956167,Overstocked
d301c330-7bb2-494b-a36a-4912838b8c29,f2a39ee1-1007-477a-9e11-7f2d564bbab9,33fad1e0-c3d7-45ce-855d-59e53400b7e9,Mumbai DC,1366.1615882607628,528.0298981798396,838,53.15018628394278,Healthy
017e3ded-525c-492c-b9f7-3e09732742c4,d409dec1-483f-4384-a027-2fa0feed8556,7bdaa51f-fbe6-4c21-bf1b-210644fcea55,Mumbai DC,4638.814337293733,65.28693600996536,4574,870.0552439998518,Overstocked
3585d1a0-9fb1-436b-bdd7-4b7524615b0c,ab08b35a-7400-41c3-8d84-0094c6e76bd7,8bb5d3de-a89a-4191-a3eb-a06d456870e3,Mumbai DC,2268.6110214539913,332.95235308934014,1936,175.6939629323657,Overstocked
16dfe963-f1d9-4536-8104-cd64112b00eb,570255c6-10f7-4787-8c3a-cc6f2f99e73a,81631a6d-5d3a-4a30-8757-1e168821d8f8,Pune DC,3590.7456225373703,645.3567072119827,2945,283.4995011718405,Overstocked
fa39ca4b-6364-4fca-8345-c47717448301,50cc5bd3-e9e3-4d6b-8b36-e235e61cffd4,84dc935a-4d6a-4f85-b27f-4580adde1540,Mumbai DC,3578.094295633493,41.39205719426337,3537,529.6628545528447,Overstocked
687a57b3-4c51-4bce-a6aa-0e2de21ece2e,719f50ea-2b66-43c5-9ed0-0239b3bb74a2,3b7e090c-6a55-40be-8d7b-de60f0f365e1,Delhi DC,2260.8501287462077,72.33354366958511,2189,563.2051184114235,Overstocked
bf48cb0a-b2df-484f-9562-c62bf61e0748,851a1570-3cb9-4536-949f-63ac0d26fe09,c9364bb2-cf55-49d9-8c62-d04cd235f8f4,Pune DC,2911.9089016750436,775.0673343328635,2137,212.99691286001195,Overstocked
2f01ff4d-a5ef-4e48-b598-a79a5e08071f,53b606d6-cca7-4520-81fd-5b22ee1e26f5,086fd6cd-0e6c-4136-a53e-41ead5b18b08,Pune DC,3498.3857238136993,619.4780286624076,2879,912.837874514156,Overstocked
6ba31457-0634-499f-83b5-1667876b52ac,e4c43a0a-ea74-4631-9c02-75aec70be7d4,682a1996-eac8-47f4-8b07-f21adb8198ec,Mumbai DC,4774.814703892754,10.49681287718821,4764,647.9852764328525,Overstocked
ba849164-45c8-48a0-999c-d96ec6228eeb,d245adc4-2d3b-42e9-a058-14ba19a86b63,e8df1de8-c0a6-475c-b83f-18427818d166,Pune DC,3524.9383048168147,62.93840345657837,3462,374.36137149797787,Overstocked
665eb44d-ddf3-4463-a8e0-f961f2ce4e19,f57e29ff-9e24-49dd-835b-46d281e31987,e4b08fdd-3b71-4a40-b20d-71107af8a34e,Pune DC,4115.679677576922,67.36690148273605,4048,861.344905744376,Overstocked
e7beb93a-128f-44bd-9a6e-b33a1d5be6a8,5757ad9d-72d0-4911-9ed9-162401d5b363,5a56c916-7c78-4e96-bed9-a625b0a63c5b,Pune DC,2298.9396470109195,477.43567876722454,1822,831.0480496156637,Overstocked
c2c6c8ef-1720-4ad4-9a2d-2edf81875521,4dbc382a-4a43-4ac7-81c4-55f4b74e618c,437b7a02-08e1-42ea-a875-8412ff3a7206,Chennai DC,1648.4804433321344,138.80989798369455,1510,973.1884606603805,Overstocked
a42f688b-b827-4cc8-b8b1-1b202277527d,fae38a10-ed95-41e6-a1b4-344d7737f5e9,ecb7ed69-7301-4972-957b-dc95760ff9ad,Pune DC,154.6403620085909,551.9810104824818,-397,230.51485827921152,Overstocked
4d788689-3dd4-4f29-a09c-1ac475bc393d,80076000-f043-4c63-a66d-59c54e19d2c2,c1b477c6-c932-4d8c-8c83-f390378f7010,Chennai DC,1558.5456734260088,226.21342720030927,1332,536.009418213655,Overstocked
65dc8922-b7c7-41b3-a673-fbe8a46aa6c9,e726f709-bd1e-456e-b773-63850739eb84,90ca331f-60c6-41d1-861f-0c2c245c25bb,Pune DC,4905.835997593533,56.57307716774832,4849,453.6183791826354,Overstocked
bdb3a6c2-def4-4a03-94bd-f82b360b9fe6,37a37529-f6b4-43e3-b687-11c4a5e551d4,cd86e5b2-41e2-476a-8fe4-4cba320b41dd,Kolkata DC,4366.6939705841105,409.7913545247197,3957,620.4903946220188,Overstocked
9e6a938f-de30-4f6f-8db7-224794e3900a,9101fa82-c1fb-41dc-80cb-2503aab070d2,3cc151cf-9f1c-43fd-903b-ca3c37f35e41,Mumbai DC,1097.6307517033922,101.34898853964212,996,645.2231972167706,Overstocked
a1d1ac98-9238-49ac-bbd9-fdc48eee3dc2,333509e5-07c9-4181-99eb-6226f5f707cc,d2c59321-2d62-4e98-8a72-af053a6a49df,Mumbai DC,479.84522401833044,340.76773790895004,139,936.135547729573,Overstocked
497e92d1-00fd-4eb4-a19d-c51d55194f00,b34f03dc-e56d-4821-a73d-c32b182a5f4d,22877c2f-87f1-4954-89aa-359424f0a753,Mumbai DC,4189.227556088707,362.91382359290134,3826,694.4773702240578,Overstocked
a5b67ca6-7d7d-4ccf-a5d7-9e21987e5b6c,05bbdd1a-af3a-4df2-90df-ae1a6b059273,8627d9d2-9301-4682-a6d4-b7106498fea7,Pune DC,1910.1785114914685,619.0701558855478,1291,170.20763012993848,Overstocked
f331d1b3-c3ff-431e-bddc-e91dff925dab,1b02f3a9-116f-430e-b3f2-0386105bf81e,7f835982-d1a6-4943-83ba-6978e7a5a132,Delhi DC,3024.180525346364,623.5693622937657,2401,792.7632084191494,Overstocked
7cc20157-cf02-41fd-a6ba-136f452137a7,ee155228-b37a-4f73-8967-2fd1ba0cae15,2f8ebdbd-dd3e-4716-accb-8bfbd6883d0b,Mumbai DC,2338.5139825975925,412.7994814558319,1926,585.2768080217731,Overstocked
94cf65f5-2805-484f-84ef-f69724f4904d,7fb4b5ee-0e90-452e-b12f-54994bf8b22d,c0d05a03-0a9a-4053-bd98-6f9c1c837c15,Mumbai DC,2719.9955391215767,566.9427563763919,2153,586.1407915891533,Overstocked
be2839bd-e5b0-48b3-8c9e-9debf1cba62e,5ac19bea-c609-4150-8194-93474b79e43b,808b6e05-8267-460b-82dd-dc3c94c5ca6b,Pune DC,3984.4396917232334,260.8979625483062,3724,327.9429125849356,Overstocked
dfd31268-517a-4ae9-b977-b22f395af347,8ff85438-1fd7-4d4e-a746-6127e6a0e793,2542f8c4-e51a-47a6-8a47-aadb21806af3,Pune DC,1515.525996746746,393.0028288793692,1123,459.39774766431503,Overstocked
fb348230-0520-40a5-98f0-ba3472d833bf,582e86ab-589a-46cf-a516-698721c0dbbb,ae070583-2caa-494d-99c8-6b7fa6cfb7d1,Mumbai DC,605.4579154509834,452.69326078791977,153,984.2483255480308,Overstocked
88adffbe-7a11-47d5-a33b-646a605fb9e4,8f8ca642-55dc-4126-8a7b-8b8df0c821e1,6574ddee-ff54-4c2e-9cfb-33005632a7a4,Pune DC,1378.169621227069,584.4029744617479,794,649.9125177424158,Overstocked
f5f79cca-af05-4b91-ab02-1e5f8ccdd738,cd90e5d5-e2f4-4a6e-aa20-b92fdb61e1a4,6046e910-0f31-40c4-9ed9-b50666dd280e,Pune DC,3615.3139709746233,138.8664634216002,3476,994.9178152489438,Overstocked
e935aa22-c9a3-42be-ae32-bd8030daae50,b5f82a0b-b22c-494d-918e-e3bf793d7faa,0fb2e176-1999-4463-8f5e-4c786cb93272,Mumbai DC,313.9400215679081,367.6583309302756,-54,430.4469446288235,Overstocked
2f39f6c5-11f2-496c-b893-c8727834424c,4816a6b0-f071-44aa-95ff-f6fdc8e90dfc,49fd3b19-2e79-48c0-b1e6-7e72911b7ded,Pune DC,513.2002151056447,63.45705614455766,450,323.1283812023481,Overstocked
f44d1473-056a-4d02-8674-bbdc69655e3a,732b866d-7071-4df7-a42f-1ab756ae88b2,46b31439-3172-4da1-a6c6-b1634fb40cb7,Pune DC,3539.3783257730674,654.6539168625661,2885,532.9195099322762,Overstocked
5956a920-7213-4f1c-9bac-3317de063d6e,2ef6a2ce-bd59-4f1e-9ea8-cad9e6ada32a,f2a86894-74e4-44a7-92be-7ed63d30b2bf,Pune DC,1832.0636559285435,655.6969362021122,1176,307.8937163234194,Overstocked
f807d203-83e4-40ac-b1a1-1a300352d20e,49f4ed4b-9bfb-44df-8ad1-16a26065d060,3aa9824a-408f-4bcc-9870-8be0a25c4874,Chennai DC,2180.157251139799,754.5886012940103,1426,876.9302076824233,Overstocked
601f773c-5074-4417-a603-4c234527fd04,29f7de4d-867e-40d6-ae36-8402bd39f8df,e7547736-f275-4854-8567-842901e0695a,Pune DC,1294.7325176164113,596.6438441584303,698,655.5289118979471,Overstocked
8f2468ec-76ad-4f94-b283-124c65d66963,47af3ce7-82a5-4166-98d2-7fa5db10624d,06d72189-2e48-4b8c-8b85-5eafa6cf10ac,Pune DC,3464.5359037138187,232.26335544155802,3232,936.4881210392821,Overstocked
21db88ba-27d0-4c0e-ab20-b25c271b2f83,d773ee0d-a6e8-46b9-abed-e07eae08735f,dd3c155a-604b-4d2d-be0e-143ed88f46fc,Pune DC,4984.428758298053,573.5745550355318,4411,832.067406577023,Overstocked
22f36250-504a-4a24-bde0-b855eed6ebdb,3de07277-626f-4f69-b646-f14160a374bd,0dfc7b8e-dab7-4303-b30f-04eaab36a993,Mumbai DC,1705.194909448986,156.2177499869131,1549,701.1910702685615,Overstocked
cf91d515-74d1-49b4-95e1-43dfa1f0ce72,c17aafcd-04cf-4eb9-a41d-f7a09ca781de,5b4f9d87-c74d-4352-b773-813c1ba6992a,Mumbai DC,3930.8307711904604,418.2252312197382,3513,537.6357891179124,Overstocked
edf14edc-9e08-490a-8c15-6ef85868a169,8c1ddaed-a03f-42ad-b9cc-93a875e4981d,d7dce4cc-6aa9-435a-a379-cee4cae9b54c,Kolkata DC,4179.204169074296,194.74715760499416,3984,927.6263013140932,Low Stock
0fea87f9-6af6-439b-8f7d-8eba5fcba525,0674034b-878f-41dd-a44f-3d233d8757de,5fc0c919-ab60-429a-9bcf-1c9d20d3ab6c,Chennai DC,3972.1284147073134,334.0502703876237,3638,382.41142529505447,Overstocked
0b432a3d-41ee-4823-aafa-3683dd1a0a84,039501fa-8e0a-4190-b4f4-8b6c823d9cb8,3dc419ef-3cf9-4b37-b2e1-49967770e81e,Mumbai DC,2468.895463290705,253.52548038506538,2215,89.16476775616255,Overstocked
2d8f6b4c-2bb0-4809-8b3b-e845702dfc33,a411e894-5630-4d98-9a16-a71605867729,61e73d9f-cb15-4995-a140-459cf7f1b6c6,Chennai DC,321.8684387639167,194.7255657860618,127,93.00170512377069,Overstocked
20daf4a7-f7bb-4e0c-a2d6-3347a049662f,d132f728-73cf-408b-9d08-f8d22446ac82,38796931-ceb7-47e0-a46a-9861522681ee,Chennai DC,1033.1526293656202,774.5256678323113,259,60.223747070554815,Overstocked
24ace64a-1d58-4ef3-bc76-daaea4cc1276,71c0651c-3db0-4e09-92d9-1983bbdc405c,d6cc1ca7-40ef-4caa-bad1-f66fa5f3c80d,Chennai DC,3977.8070934662637,69.21804472245282,3909,113.7751338612433,Overstocked
3a06d47e-0c2e-43c7-81b1-15f7b720e4c0,a9ac7c21-8953-4976-a4f7-a76ceaa67fd2,7261a1a1-87eb-4678-8f4a-b331066f7c7c,Mumbai DC,2931.918485181875,339.2899300798003,2593,235.08119902806018,Overstocked
cc515f18-6557-4bcf-a0db-9ad5baa02b6c,02cf9d27-d508-48b0-b8f5-9bf85b9ce388,bbb95efc-967e-4e96-aa11-585fbfeebfa2,Mumbai DC,2261.3684782386154,39.85860054124902,2222,797.187856464857,Healthy
f04082d5-ee41-4c10-bff6-9be32650b1d1,3d51d761-70a3-46ba-bbd7-693e21579cf7,05c5bfef-59c9-40ea-b68b-0ef349d47381,Mumbai DC,3519.8291753747,67.31389176418496,3453,260.06297625015,Overstocked
46781fa2-16ec-41a7-b8db-67be597d3fb4,0301ab29-c9cb-4f5b-8215-f6f5740d4801,16daf90d-c831-402d-8f01-6021d2e7f349,Mumbai DC,3254.0217556643847,675.2588367676503,2579,956.1325102956096,Overstocked
d97c215c-cc16-48e2-8191-c85ae74a10bb,ca15542d-e824-4a21-9803-a1c6b86d33c8,0f837300-074f-4917-8113-e39d3b9ea7d1,Pune DC,3970.8125681780175,637.9485074585393,3333,726.1929893339841,Overstocked
93ef2760-796f-4f66-87f1-32baf5b05b86,aacc8c1c-b446-4d43-b086-f078d4ed1938,b891fe38-12ec-484a-8173-8a7c3ca9b1e8,Pune DC,4465.899193010289,336.1046244807994,4130,456.4646139619081,Overstocked
06cd82d1-5599-4977-9c34-402a8f068b1f,edeeed79-be65-419e-b874-dc0c0f355eb0,ab6af0e3-7941-428d-bbe7-67de93e67742,Mumbai DC,1920.6935214805208,698.3753882243383,1222,152.31375215405782,Overstocked
0e6956bd-1e76-475d-9f57-5b7da2a8594e,3767f7da-9d7c-4226-affb-7c897d071329,24af9d79-0ac8-4b03-9a26-8b726186eb56,Pune DC,2638.039053238613,186.0967320895802,2452,919.508309951272,Overstocked
cf6aaee2-208c-430b-adf8-d905850cb61b,4df8485b-5fba-4dae-a971-709ce54620cf,a954ea9a-37c4-4550-8937-bbae981cb5bc,Mumbai DC,1884.549384163126,11.908933733903218,1873,196.3788669430117,Overstocked
12373cc1-dd93-4af8-af0e-82a3f6cd896b,40fbe434-9c64-4449-b2ae-86f5b2984659,80f39e94-f44b-42a7-bcd6-6c3b47ceed21,Pune DC,2045.640446368741,792.7314439257887,1253,791.5010446290897,Overstocked
d491abfa-6c77-4b85-aeef-ba309d923360,0e5ed225-5b8a-43b8-850e-626b6be25d80,035a49ea-2b6b-403e-a602-0c5964d08600,Chennai DC,3995.945301359073,792.5707431237355,3203,873.9243646147291,Overstocked
4174ac3d-0fd6-44a1-9ad9-b2c9d2f52576,619aaa18-7d2c-48b0-921f-29f6d64aa6fa,bcc9e90d-0ff8-4861-a419-de257d3d5a06,Mumbai DC,3846.7602444067684,356.75259220061326,3490,585.8393468003935,Overstocked
9be3ed86-8bac-447b-b648-1f44b0b8d1bc,8528a180-b968-4d51-a3b8-db729893a0be,d4cff240-6162-43bb-9679-f7db932d55bf,Kolkata DC,2292.844010646919,131.26308166560608,2162,377.97005133017876,Overstocked
d9282a89-0fc5-40da-bd55-113da886bf9e,2e119d79-d096-4401-8dea-e41d86bda06f,efefd3ca-9417-48d6-a1c9-a7555d881780,Kolkata DC,2355.9543825971114,61.70336079908455,2294,795.0780985169903,Overstocked
9960995d-5762-4bdf-abd2-594c6b0fc865,5cfa1ebc-8c2b-498b-a6b7-8002440d25a1,211838cd-80b3-4446-98fa-d251c92588e4,Mumbai DC,1358.6547410245548,754.9677632919377,604,676.5888447512849,Overstocked
fe619a68-463b-40f4-96e8-13fc7eddb2fb,9bad6cdb-776b-4250-90a7-355f480e83e7,98a12222-c186-48c4-aac3-6e6a38f8de3a,Pune DC,2338.9945560957976,561.5684639268286,1777,788.8871950992674,Overstocked
3bee5023-e3af-462a-a322-7db21f23fd44,54c01d52-17cd-487c-b01b-8c9c8df4675d,f4807d4f-11e3-4eba-93ef-cfb5365779cc,Pune DC,2589.846542641953,274.5416229175295,2315,494.12074823437086,Overstocked
863f5aa8-55ea-4208-b39e-2ba6b9f2260a,b40167a5-947d-4f6f-aa98-75199342a14d,25b9753e-53cf-48d0-9569-60d8aba2050c,Mumbai DC,1235.883062472886,63.60881133870869,1172,981.600690789519,Overstocked
b195a331-d803-420c-9a01-a97e99ee7797,6efafac5-9f71-441e-b1e3-a7068d0efa87,02a13b1c-0365-4a87-b5c6-42f15044f0b6,Chennai DC,98.17461126897275,530.0364619078047,-432,528.910466362062,Overstocked
22c0027b-4e55-4a0a-946e-ef454e987b43,824116f5-a1cf-4728-89f9-699eaca68077,cc8be888-ad13-489c-b314-d8f8f8c2fb03,Mumbai DC,3373.330146539083,141.49865268667358,3232,523.8344046804245,Healthy
b8d46aa7-4680-42bd-b20e-fd97d2ad46d4,6d3b83f8-62e6-44d4-9c4f-990b9df77cde,204f4a30-4d72-47c0-b4ea-345adcf23bcf,Pune DC,3978.8237466618666,270.06124330297826,3709,306.85304082741067,Overstocked
266d4b5d-eabd-4cd0-b3b1-2e71408bc30f,45e909b8-81b3-4ad9-9dd9-adb97d596fc1,31196e84-4abb-46ab-a5f4-730341e28a92,Pune DC,4482.7567903915815,236.09898242781162,4247,943.9152374302407,Overstocked
4f275ddb-f167-40e0-9fe6-67849801c99a,69baeb49-f248-4647-892a-d5133c1c0876,a4ecd8e2-37bf-459d-8887-fa1f869d7129,Mumbai DC,1870.3471449637448,114.08125006051901,1756,833.3897964743238,Overstocked
a7a42668-e362-4abc-a7f9-d12a8881adc6,70e81686-4e9c-444a-bca4-dd3ebfe576a9,e0816002-14e8-406a-95a7-8cee011a50e9,Pune DC,4988.931747692478,347.35358135906745,4642,742.328431741604,Overstocked
2257976c-04ca-421f-8cb8-781d92ff95a5,d4133cd6-c3af-4d62-90b0-cfc6e37c9957,0e77a9b8-11ec-4f9a-92a1-7e02037d98ec,Pune DC,2678.235119070046,121.27533420629948,2557,70.87674126928016,Overstocked
f0995fcb-6ea3-4676-b929-b469853d138f,241bb6a9-87ad-4103-a8ad-573ba00570bf,bb25b20e-0d7f-42c8-a1a8-24a3bfb4be2f,Mumbai DC,3553.994262485435,30.792819205638775,3523,805.837752756133,Overstocked
26d3fb7f-722a-4757-a15f-e5f3846f35d8,06ed5a3a-a50e-43e7-8433-c08cec65ef9d,5ff91782-f1d2-4369-bbce-f0acf0766b33,Pune DC,3288.40760207246,114.86851293588438,3174,116.65524512583487,Overstocked
882c868e-2533-4188-a99a-e1ab10a80989,d83387d1-ca6b-4e31-894e-7a94e91cd3e7,8de58b51-d185-4f7c-8afa-83842275c198,Mumbai DC,1978.1020254267783,12.054890533902299,1966,912.3179212254348,Overstocked
4cccc4af-f9b5-475a-803d-a95fd0f86a7e,ed2e379a-f204-493a-bdb3-9e5c5b4ba57d,2e4281ea-5e16-477f-b240-e5eded037992,Mumbai DC,1611.2333552172329,721.1098813083818,890,386.3403102928684,Overstocked
ba7ef706-a729-4129-9798-acfc7a55de72,6c68cd41-323b-4810-9932-f4129a4122a9,215df0ba-70c7-43c2-af8e-50dc895b4d77,Pune DC,2370.160341510737,108.70081988689107,2261,101.75260694308585,Overstocked
